y_test,y_pred
771.0,649.3048
85.0,187.71613
130.0,356.60843
125.0,145.4993
45.0,149.8809
68.0,117.26377
978.0,143.51048
120.0,121.58692
143.0,244.89725
90.0,133.60797
89.0,145.4241
300.0,247.82661
106.0,174.12018
91.0,148.73935
55.0,170.5194
314.0,361.1211
66.0,776.7939
120.0,111.963715
200.0,248.02579
99.0,136.55493
153.0,178.30554
74.0,125.56852
298.0,230.92886
68.0,132.38438
169.0,167.38081
49.0,117.11607
120.0,152.68027
95.0,173.82347
353.0,351.56793
136.0,199.42435
445.0,404.6861
120.0,242.46317
160.0,439.36032
65.0,248.67883
464.0,369.7136
199.0,331.23874
66.0,109.89631
98.0,156.4282
160.0,207.79341
163.0,164.4458
464.0,482.09088
165.0,154.65422
60.0,126.23158
90.0,161.02435
125.0,214.5937
149.0,234.96588
95.0,423.70877
140.0,157.41235
100.0,154.32387
300.0,247.9754
265.0,195.58394
199.0,170.34436
65.0,101.953224
120.0,128.85832
211.0,225.6138
105.0,348.89835
399.0,159.76083
75.0,149.35738
130.0,196.6187
115.0,283.24356
990.0,316.96497
100.0,141.74985
111.0,99.416985
220.0,164.2084
84.0,195.13608
159.0,168.96275
493.0,153.49315
250.0,180.77962
300.0,157.2245
265.0,288.37396
386.0,370.62686
98.0,224.00632
116.0,151.34758
133.0,83.57533
480.0,358.36255
119.0,190.5079
280.0,215.04744
660.0,232.51971
157.0,236.63573
130.0,337.70184
464.0,119.65608
370.0,333.52762
241.0,295.5345
73.0,153.28976
292.0,250.8873
121.0,113.15357
386.0,177.9812
73.0,156.8678
421.0,333.36932
200.0,204.15152
250.0,251.75255
264.0,356.28113
110.0,129.10661
89.0,102.94691
80.0,125.407005
225.0,482.95236
269.0,274.49988
99.0,104.745094
283.0,213.5822
222.0,170.43082
407.0,232.63287
64.0,158.21481
337.0,340.95645
90.0,136.07169
100.0,62.81422
150.0,166.95511
180.0,285.04266
150.0,96.820015
58.0,125.811226
65.0,90.612755
85.0,194.62401
450.0,696.3223
111.0,111.56346
112.0,85.39227
208.0,185.58804
132.0,253.96283
200.0,292.1272
80.0,173.11337
160.0,548.94653
164.0,147.1568
160.0,118.17961
180.0,158.79195
80.0,114.905075
388.0,160.90068
150.0,337.0359
135.0,159.96057
171.0,136.27217
412.0,377.62326
190.0,165.11926
229.0,149.0034
154.0,78.568756
168.0,181.36304
40.0,205.6183
120.0,172.11899
295.0,216.2117
330.0,330.9655
135.0,105.17086
850.0,93.206116
272.0,175.25137
334.0,288.42685
120.0,123.56458
120.0,214.75984
95.0,473.91373
150.0,188.90077
85.0,281.57205
65.0,148.07866
86.0,412.2335
50.0,99.86104
117.0,168.79742
85.0,123.87288
70.0,117.691086
363.0,303.61414
93.0,105.517845
200.0,154.61261
148.0,194.59438
999.0,138.61122
180.0,190.9032
671.0,569.46295
237.0,386.20334
110.0,93.17048
252.0,254.98732
350.0,311.36
169.0,185.56178
121.0,133.97821
296.0,279.76382
350.0,160.63474
150.0,195.63585
120.0,184.15753
129.0,160.12175
241.0,191.65573
125.0,167.63972
180.0,138.08366
123.0,175.56563
70.0,193.3481
129.0,79.78744
540.0,358.04367
225.0,195.42958
350.0,352.87195
260.0,244.5347
300.0,288.2918
500.0,194.75757
120.0,197.4777
550.0,408.89624
186.0,235.0369
149.0,298.5175
267.0,137.9823
400.0,382.44223
271.0,150.69637
170.0,367.25574
75.0,163.97145
286.0,197.44177
113.0,173.8002
75.0,105.27091
150.0,218.33676
117.0,175.46562
23.0,130.92485
100.0,125.84881
220.0,195.80746
100.0,139.133
686.0,634.8506
128.0,285.84317
363.0,430.44797
278.0,196.09187
81.0,126.31805
112.0,100.73036
155.0,154.73776
118.0,190.7221
350.0,198.94746
495.0,347.99216
176.0,142.84496
70.0,240.49083
89.0,134.51851
133.0,159.46397
500.0,679.68005
140.0,148.89941
249.0,547.2673
120.0,159.37439
89.0,133.92122
214.0,190.71037
267.0,347.10388
246.0,137.59258
336.0,202.94089
193.0,165.7258
80.0,90.210594
200.0,194.84772
87.0,132.37553
235.0,299.1999
999.0,866.3885
45.0,129.34183
449.0,284.6547
489.0,256.59286
999.0,100.45972
189.0,337.26828
320.0,306.758
260.0,441.02136
95.0,125.805534
386.0,306.28177
150.0,195.42958
280.0,227.9776
200.0,112.56546
99.0,77.62593
84.0,262.272
999.0,794.9842
59.0,136.06767
170.0,170.27321
70.0,152.85335
120.0,133.23619
95.0,165.51283
261.0,346.79626
139.0,124.39503
350.0,207.85303
400.0,649.606
700.0,836.7892
250.0,253.97943
70.0,193.46153
106.0,95.84401
920.0,627.81775
65.0,101.65804
426.0,297.6793
60.0,85.16778
326.0,179.59088
240.0,230.29541
999.0,455.53976
236.0,346.41586
800.0,314.13022
100.0,164.299
150.0,174.17703
72.0,120.21657
277.0,187.08998
70.0,115.13416
380.0,299.6274
370.0,217.62123
224.0,113.393906
233.0,360.48282
251.0,430.23312
120.0,159.12823
125.0,115.354004
82.0,120.670555
123.0,160.76636
318.0,213.34616
92.0,117.76544
389.0,170.1356
100.0,175.38907
196.0,175.29515
467.0,676.756
42.0,109.4004
407.0,213.36089
160.0,179.42854
115.0,189.96861
97.0,91.085526
55.0,65.23829
314.0,212.03871
334.0,164.4799
300.0,197.81934
114.0,156.34172
165.0,180.77441
400.0,303.28604
337.0,415.3891
120.0,173.13976
357.0,244.24518
52.0,99.37467
250.0,266.87543
451.0,88.644646
650.0,415.37982
50.0,109.52484
383.0,145.7428
999.0,773.3259
99.0,177.40265
40.0,221.12154
957.0,807.64386
226.0,150.5041
637.0,422.15063
279.0,158.88002
998.0,363.43826
200.0,186.02986
374.0,171.06662
397.0,330.68063
675.0,723.8345
658.0,425.3597
60.0,121.29677
169.0,332.95312
83.0,91.47759
550.0,355.59808
384.0,320.86005
508.0,343.1615
639.0,465.4417
146.0,276.43854
588.0,286.78906
542.0,312.4908
217.0,112.64184
141.0,150.82948
201.0,233.52632
110.0,171.69328
110.0,170.87956
243.0,194.39967
305.0,391.48306
223.0,173.17067
350.0,357.46066
80.0,189.04115
350.0,219.60516
436.0,372.0144
906.0,176.00108
200.0,147.21889
421.0,355.7401
130.0,129.11055
614.0,407.06454
264.0,277.8034
113.0,168.73195
338.0,288.95602
380.0,336.2425
283.0,264.85748
220.0,264.90442
99.0,154.08507
62.0,114.20502
80.0,293.04623
125.0,132.16754
72.0,121.69039
210.0,405.98877
482.0,286.5584
900.0,323.872
85.0,226.57542
326.0,159.40018
275.0,165.29318
323.0,171.5365
60.0,141.43596
150.0,118.471275
48.0,183.0889
431.0,167.48326
140.0,246.96683
240.0,187.94461
200.0,169.85776
274.0,311.95312
149.0,331.99356
380.0,216.9145
480.0,231.14601
550.0,508.1122
879.0,625.821
249.0,155.73488
55.0,108.00513
203.0,154.7606
642.0,489.16846
160.0,153.71489
300.0,629.03625
307.0,262.0706
157.0,161.83093
454.0,176.53244
75.0,68.24331
271.0,142.87862
187.0,211.12122
283.0,138.36089
153.0,170.12549
450.0,361.94275
337.0,278.657
125.0,266.12283
38.0,168.66942
160.0,416.1418
189.0,156.78134
157.0,173.82536
89.0,96.47962
480.0,265.5561
125.0,198.35435
977.0,869.9227
943.0,674.6083
310.0,223.17136
350.0,472.0316
55.0,141.03934
241.0,247.33025
770.0,161.86156
264.0,164.97258
54.0,163.8662
150.0,484.57947
721.0,677.0882
400.0,310.80972
436.0,347.9095
95.0,156.6767
163.0,243.26024
125.0,146.59727
138.0,134.18034
180.0,255.03099
350.0,152.44485
213.0,233.71844
321.0,246.73949
155.0,171.50375
87.0,157.54558
100.0,131.4781
175.0,164.03932
380.0,328.20657
206.0,215.97122
249.0,370.2684
250.0,191.18501
183.0,177.05296
193.0,198.3302
40.0,115.24953
420.0,324.93616
498.0,544.7715
400.0,195.3128
150.0,172.11899
124.0,226.31805
63.0,175.77127
180.0,186.98041
134.0,196.0447
401.0,325.94916
220.0,232.85252
479.0,430.4228
400.0,418.80194
120.0,221.14334
200.0,202.8422
300.0,209.75966
279.0,218.39044
202.0,431.1154
214.0,189.71146
44.0,205.75996
159.0,111.42781
750.0,203.55092
350.0,297.60855
158.0,273.35123
250.0,108.63735
200.0,136.06767
115.0,214.21452
90.0,160.37599
55.0,69.987625
141.0,155.82814
130.0,131.8408
184.0,254.60822
237.0,100.16158
140.0,112.52522
301.0,211.9737
300.0,130.8896
256.0,172.7215
205.0,184.99315
380.0,339.25034
300.0,257.18414
255.0,265.9525
300.0,216.20564
167.0,168.31725
130.0,112.78666
85.0,107.83586
264.0,223.48244
75.0,117.567955
71.0,116.68995
233.0,208.48763
165.0,185.00504
443.0,489.48892
213.0,369.1563
89.0,144.12819
128.0,147.30026
200.0,70.15054
195.0,163.83144
164.0,182.39441
472.0,537.25586
69.0,183.46213
229.0,169.10757
99.0,175.37248
190.0,156.52475
151.0,106.88667
45.0,118.09219
165.0,164.88402
235.0,156.5361
349.0,593.09845
196.0,102.94691
350.0,159.82603
587.0,353.21194
241.0,224.17801
150.0,312.01917
144.0,185.43109
250.0,91.91619
200.0,111.627625
146.0,156.2914
958.0,536.37714
241.0,193.78926
805.0,677.9358
792.0,181.61745
280.0,253.8748
280.0,265.58292
180.0,156.26634
64.0,166.50491
280.0,195.583
45.0,137.4467
286.0,222.34177
201.0,153.37831
579.0,267.47485
150.0,205.39688
92.0,121.43583
102.0,80.08362
241.0,233.11623
555.0,334.85132
450.0,399.7817
241.0,230.22157
297.0,247.06088
104.0,138.42497
156.0,160.00294
159.0,249.56888
150.0,181.00314
300.0,142.31638
99.0,315.50848
331.0,331.7678
45.0,123.60543
350.0,374.12958
225.0,255.80223
73.0,279.13644
280.0,248.71634
223.0,168.16536
240.0,176.05717
60.0,137.23045
280.0,250.80214
266.0,347.9558
241.0,238.35045
25.0,95.81406
132.0,133.84698
65.0,169.90015
267.0,216.27257
357.0,179.66446
180.0,155.80334
241.0,240.36754
430.0,328.13998
304.0,176.65979
73.0,91.71497
342.0,400.99017
461.0,363.04544
103.0,143.02432
70.0,107.77323
281.0,412.4279
165.0,294.12848
211.0,124.35842
119.0,237.41066
100.0,114.36208
200.0,169.34428
177.0,152.02231
68.0,182.83006
160.0,381.06784
75.0,104.505646
286.0,163.15518
294.0,154.52618
69.0,124.46678
99.0,162.67747
122.0,147.3386
70.0,169.73947
250.0,173.4497
125.0,308.1331
168.0,369.63187
72.0,180.36784
424.0,353.98727
429.0,375.36035
179.0,184.63559
110.0,122.49426
286.0,264.0148
71.0,158.64891
301.0,211.79276
186.0,201.71455
264.0,146.34167
303.0,307.03268
359.0,359.6237
82.0,170.47171
161.0,232.73492
80.0,154.9814
130.0,253.56898
286.0,569.22766
200.0,157.96748
120.0,157.86943
146.0,192.0382
214.0,187.58824
137.0,162.48177
450.0,302.76843
251.0,202.71547
241.0,230.3541
146.0,266.2148
260.0,148.81363
231.0,596.29315
249.0,156.49588
280.0,176.80266
130.0,192.5985
119.0,231.34969
145.0,190.77866
54.0,169.90015
287.0,197.7344
979.0,494.14343
436.0,456.82465
550.0,189.57707
220.0,201.85657
110.0,161.83995
350.0,152.38768
100.0,202.51796
370.0,315.11646
156.0,288.49103
595.0,363.5712
300.0,273.8836
400.0,476.20392
90.0,152.76982
174.0,171.47908
58.0,145.35382
121.0,95.45624
65.0,90.51252
150.0,142.23837
300.0,332.48654
349.0,178.01244
197.0,156.9491
306.0,157.92636
220.0,263.3662
150.0,173.77122
283.0,192.89716
250.0,219.3107
113.0,196.94708
210.0,181.95354
149.0,119.82116
120.0,141.81291
307.0,284.74908
92.0,71.675224
136.0,95.52977
329.0,205.7587
145.0,171.69328
170.0,407.7345
190.0,430.6033
89.0,105.96045
499.0,412.01355
87.0,81.83816
370.0,293.91653
267.0,195.09343
183.0,178.25471
264.0,183.63747
182.0,340.1432
120.0,130.6044
136.0,216.60965
62.0,95.32078
755.0,642.7988
73.0,123.32279
140.0,172.92302
76.0,100.00709
98.0,120.20102
245.0,286.67087
285.0,191.97198
213.0,252.7508
120.0,159.31764
200.0,170.70564
149.0,232.50143
250.0,219.65009
69.0,99.62657
156.0,149.21744
150.0,137.06204
45.0,98.32034
140.0,167.31766
250.0,186.74385
306.0,250.52286
300.0,454.02264
110.0,127.3285
93.0,119.86294
100.0,180.36784
450.0,260.54532
400.0,360.4884
400.0,416.9705
62.0,133.18898
159.0,132.27283
280.0,320.53906
77.0,226.69347
96.0,218.09903
78.0,112.5238
408.0,363.87366
200.0,137.47043
167.0,168.95354
474.0,406.43823
149.0,153.42055
180.0,251.07675
700.0,267.28558
550.0,295.45312
207.0,265.0326
908.0,669.4516
703.0,312.13733
170.0,176.2008
139.0,148.69879
170.0,127.67035
85.0,292.05566
743.0,558.1523
85.0,101.6408
100.0,149.46915
235.0,214.01218
136.0,149.97253
78.0,158.82323
390.0,206.1575
300.0,444.67163
184.0,227.27475
158.0,145.7028
93.0,158.35466
90.0,345.03308
270.0,195.583
259.0,214.18388
284.0,273.8349
84.0,141.89767
306.0,149.70374
134.0,224.04475
243.0,166.08144
271.0,157.88132
290.0,191.6722
312.0,160.25359
320.0,321.3247
197.0,281.70935
124.0,139.29097
50.0,122.29878
350.0,166.13614
150.0,143.76332
845.0,560.079
298.0,160.18022
100.0,167.5037
138.0,305.18613
240.0,168.64905
242.0,264.4133
100.0,789.293
403.0,241.33736
69.0,181.63591
175.0,228.85503
153.0,161.32233
53.0,207.42316
136.0,129.09877
100.0,131.1683
294.0,300.46207
160.0,129.76872
161.0,218.85272
205.0,218.85272
324.0,197.81822
267.0,218.85272
139.0,182.75356
65.0,197.72565
58.0,197.46642
80.0,210.118
657.0,518.29517
979.0,705.4064
350.0,338.6927
76.0,173.11337
677.0,670.65265
79.0,199.27776
140.0,363.0253
30.0,125.11302
80.0,313.7797
86.0,81.57344
365.0,299.74387
200.0,250.98317
107.0,120.01158
213.0,167.76082
233.0,177.12164
280.0,169.34428
203.0,135.53278
155.0,275.52902
120.0,143.08191
100.0,168.33913
133.0,184.00127
370.0,167.46991
150.0,169.69841
226.0,148.38739
420.0,214.7585
75.0,134.47086
131.0,71.1132
118.0,88.49227
479.0,383.14444
65.0,95.81406
200.0,139.85506
81.0,149.99593
164.0,192.69064
200.0,182.98618
233.0,276.41827
350.0,176.4283
79.0,106.393005
486.0,321.93463
170.0,192.19283
135.0,333.36453
150.0,157.48239
191.0,157.86943
110.0,115.060425
161.0,176.80266
80.0,272.39496
132.0,196.44333
200.0,131.352
350.0,202.3454
500.0,382.5592
289.0,186.9362
219.0,264.4856
132.0,307.20474
92.0,303.1101
114.0,142.66344
345.0,144.88281
550.0,154.08507
189.0,203.38126
605.0,367.34238
150.0,197.57361
164.0,106.04351
160.0,157.16728
800.0,560.4736
271.0,446.67053
48.0,157.01396
274.0,169.724
301.0,453.0726
390.0,199.1124
130.0,124.82173
400.0,183.7962
95.0,171.81511
47.0,124.35842
294.0,191.53035
736.0,511.81277
200.0,162.90729
159.0,183.48436
144.0,118.05148
500.0,347.62634
120.0,181.82545
300.0,234.86594
220.0,703.51184
671.0,334.91858
239.0,179.97678
250.0,165.9625
350.0,198.12025
447.0,532.32367
650.0,526.9652
262.0,522.3867
225.0,126.30302
181.0,315.78845
436.0,161.42265
110.0,318.1414
103.0,153.02286
346.0,180.15828
149.0,93.762436
341.0,158.51714
200.0,187.65933
120.0,122.29002
104.0,327.22614
286.0,314.1039
201.0,156.73672
250.0,153.55179
145.0,405.0006
250.0,594.8729
500.0,358.77966
159.0,232.61069
75.0,110.57802
800.0,319.371
163.0,298.20175
75.0,173.11337
811.0,619.8496
653.0,608.23016
117.0,132.88577
196.0,164.13698
436.0,319.9025
311.0,216.40799
44.0,182.52875
203.0,198.01572
109.0,131.55579
371.0,226.31805
120.0,153.28886
190.0,205.81317
243.0,229.34424
110.0,209.16896
109.0,238.16762
206.0,203.67657
258.0,294.06418
150.0,150.87889
115.0,216.53024
130.0,107.86964
193.0,148.62708
700.0,457.99707
158.0,196.47633
292.0,264.98907
250.0,154.08507
200.0,190.60994
156.0,159.72212
516.0,273.4866
124.0,201.54475
120.0,134.21843
193.0,148.29329
191.0,118.09219
250.0,193.13371
150.0,163.49326
250.0,334.40775
150.0,192.19283
124.0,213.94878
223.0,335.78223
85.0,200.14885
45.0,139.14943
150.0,148.9757
80.0,237.13814
296.0,324.2112
113.0,135.40211
507.0,296.08313
211.0,123.024704
365.0,344.34402
200.0,130.49191
120.0,233.16742
143.0,177.86046
353.0,352.958
351.0,340.57925
170.0,352.0806
91.0,278.92047
140.0,368.9073
298.0,172.7215
100.0,152.82306
47.0,151.66127
363.0,178.408
672.0,404.77097
193.0,256.14285
220.0,229.58575
171.0,159.1192
134.0,165.97151
141.0,241.62242
99.0,158.3249
277.0,278.91415
216.0,237.35725
129.0,176.80266
155.0,192.19283
203.0,211.09535
400.0,234.0189
158.0,116.69038
100.0,100.402954
300.0,205.95384
100.0,259.78564
66.0,136.24214
150.0,169.73947
99.0,125.913765
761.0,457.17654
450.0,356.802
280.0,384.33524
150.0,82.26726
380.0,237.17111
497.0,336.6248
400.0,215.17462
120.0,229.30107
146.0,125.53496
80.0,213.94112
414.0,203.31871
560.0,329.9304
336.0,354.81253
661.0,205.39064
186.0,276.50284
64.0,104.63065
209.0,222.76683
524.0,315.53653
80.0,149.45131
307.0,271.4926
265.0,309.89868
109.0,123.997574
731.0,437.72052
140.0,252.60744
350.0,376.33264
104.0,151.8192
200.0,279.64102
154.0,282.46698
585.0,422.85965
195.0,233.94312
180.0,235.0369
250.0,209.44493
199.0,167.04617
195.0,173.11337
100.0,115.14043
240.0,286.65918
175.0,197.46642
164.0,202.46129
300.0,195.583
500.0,552.8534
197.0,308.85486
100.0,68.58874
160.0,171.69328
220.0,215.7924
500.0,341.80673
160.0,135.40211
550.0,362.31573
200.0,172.7215
71.0,166.07513
63.0,152.07414
201.0,164.34175
124.0,196.44333
599.0,197.46642
200.0,198.98473
82.0,68.57128
84.0,107.5973
164.0,172.35565
36.0,81.17343
120.0,150.03012
125.0,139.29097
320.0,296.89563
507.0,454.48782
136.0,203.01254
184.0,172.11899
168.0,157.96317
150.0,135.40211
390.0,273.84085
95.0,146.6267
167.0,156.73672
232.0,192.19283
114.0,172.11899
144.0,117.31264
188.0,617.61224
117.0,130.6044
114.0,173.11337
171.0,223.72893
146.0,225.65791
414.0,399.3165
180.0,333.59525
150.0,133.2442
200.0,169.34428
25.0,95.00714
586.0,619.3443
285.0,280.61276
132.0,132.45207
200.0,296.8182
160.0,134.59518
436.0,330.4742
207.0,224.97374
399.0,197.46642
550.0,567.3746
60.0,118.09219
360.0,311.7911
320.0,250.91536
50.0,85.71478
399.0,386.98376
55.0,454.81854
150.0,204.01552
200.0,169.73947
214.0,333.83905
92.0,84.11184
100.0,173.11337
130.0,121.463326
50.0,124.35842
100.0,172.7215
221.0,242.32565
485.0,256.85077
253.0,225.31177
396.0,202.8025
229.0,172.11899
291.0,352.01102
275.0,289.65833
109.0,178.4589
143.0,156.40642
306.0,298.85178
236.0,339.92136
780.0,547.50635
778.0,353.76923
160.0,142.18849
90.0,203.21225
133.0,202.85648
200.0,205.13013
146.0,197.46642
186.0,256.20267
181.0,268.0045
274.0,278.49622
240.0,173.72572
101.0,135.40211
127.0,172.11899
313.0,204.87894
133.0,215.11676
330.0,272.39975
169.0,226.31805
190.0,244.97862
200.0,212.07689
250.0,294.90472
500.0,288.2918
99.0,114.42833
229.0,295.275
214.0,626.7048
120.0,149.45131
171.0,210.44609
148.0,169.45763
65.0,160.85962
350.0,193.13371
120.0,143.09032
139.0,165.1444
380.0,319.84906
150.0,139.29097
117.0,144.65652
380.0,330.90408
114.0,151.4643
571.0,431.96762
150.0,176.80266
80.0,142.66928
79.0,161.7408
184.0,169.60837
250.0,200.63298
130.0,166.42775
175.0,166.7025
148.0,291.27457
113.0,79.76295
175.0,189.79874
309.0,286.0592
160.0,134.80159
140.0,291.59998
343.0,294.90472
250.0,352.4423
140.0,268.1023
153.0,197.46642
193.0,102.739685
279.0,276.43854
210.0,235.0369
150.0,126.66278
160.0,173.11337
96.0,203.61516
200.0,188.94458
144.0,220.96619
230.0,182.98431
179.0,209.44493
100.0,119.71048
141.0,126.66278
260.0,226.57542
42.0,103.25655
400.0,196.44333
300.0,308.76483
77.0,196.44333
200.0,237.13814
230.0,301.44092
110.0,195.7172
87.0,84.25817
313.0,353.99722
73.0,95.81406
87.0,124.35842
262.0,196.44333
71.0,95.81406
120.0,263.2351
220.0,176.80266
66.0,197.46642
200.0,192.19283
175.0,192.77213
145.0,258.5171
150.0,402.26788
180.0,328.03763
120.0,105.57582
95.0,216.8224
355.0,457.7777
65.0,239.67343
200.0,277.8231
240.0,271.0656
195.0,299.32428
65.0,121.09983
126.0,191.42833
80.0,108.82066
98.0,97.4699
125.0,227.47667
291.0,357.72897
320.0,369.8783
117.0,155.19255
29.0,96.82653
503.0,274.9838
295.0,260.6258
101.0,203.40013
140.0,101.65333
160.0,179.66054
157.0,145.80939
504.0,294.26697
165.0,167.37878
139.0,181.94418
450.0,368.9481
136.0,307.18823
150.0,194.36925
38.0,83.766136
99.0,241.56706
296.0,186.902
99.0,118.21677
120.0,102.7796
70.0,150.29037
399.0,549.1105
455.0,746.1795
160.0,168.75325
58.0,98.78235
205.0,185.98752
76.0,158.30193
78.0,116.46853
288.0,237.32307
79.0,251.7715
60.0,171.81319
65.0,143.6107
75.0,149.5854
180.0,177.2376
50.0,72.87327
114.0,145.67859
75.0,140.24301
56.0,140.21503
209.0,570.30225
350.0,208.05492
220.0,317.09457
122.0,170.3195
200.0,243.41425
716.0,613.0655
280.0,356.3768
489.0,369.64072
270.0,338.05182
156.0,135.32698
125.0,188.49928
437.0,293.6128
260.0,330.5262
122.0,123.94589
207.0,143.99222
105.0,113.97032
140.0,181.83194
200.0,166.8812
200.0,202.84558
120.0,90.8607
110.0,160.70721
104.0,217.0435
36.0,93.39187
600.0,305.55066
125.0,142.082
160.0,153.8196
299.0,248.76756
45.0,85.474174
120.0,221.59541
314.0,309.30362
150.0,143.15768
150.0,223.54607
180.0,342.85574
80.0,70.04881
197.0,148.7261
77.0,119.26958
95.0,193.32153
450.0,195.96414
90.0,123.49344
89.0,113.595825
349.0,203.11708
189.0,196.90321
189.0,163.58656
91.0,112.73312
484.0,395.54373
136.0,227.46893
64.0,66.4799
238.0,346.35406
95.0,92.23905
100.0,132.29578
440.0,154.56859
450.0,138.34953
400.0,336.13113
98.0,64.83437
300.0,205.36472
189.0,181.5792
490.0,466.37802
71.0,120.98192
73.0,80.30993
403.0,239.66368
196.0,204.19672
500.0,312.47308
696.0,241.48737
232.0,200.53821
95.0,170.15005
293.0,195.24966
201.0,486.90314
185.0,162.24748
206.0,147.16495
914.0,294.94592
264.0,457.6284
55.0,170.56535
450.0,241.29216
300.0,366.83875
125.0,168.18318
279.0,399.40314
100.0,138.29878
245.0,351.03607
470.0,293.81726
100.0,120.907265
77.0,105.32601
106.0,226.97641
110.0,250.06505
120.0,132.13185
78.0,91.272156
654.0,325.21472
100.0,99.448235
264.0,222.95709
72.0,156.131
214.0,392.40558
65.0,126.516014
437.0,184.83072
120.0,168.15288
100.0,101.67095
295.0,184.27103
207.0,382.51926
160.0,134.53798
99.0,143.36555
110.0,336.26395
88.0,194.28345
262.0,549.8621
100.0,200.68877
80.0,152.12701
176.0,195.73178
70.0,150.15863
250.0,878.4361
120.0,269.07593
90.0,193.20953
39.0,379.09268
120.0,81.61596
528.0,363.6305
49.0,154.1714
170.0,657.645
643.0,363.6665
907.0,664.347
500.0,622.3147
144.0,174.87105
387.0,371.1072
100.0,175.86293
387.0,459.34006
168.0,205.50052
59.0,124.157196
91.0,132.45465
100.0,169.65526
90.0,363.2627
134.0,158.71378
177.0,223.41066
229.0,283.36594
250.0,221.66605
230.0,215.00935
110.0,165.13016
140.0,155.05286
63.0,120.30576
60.0,182.91455
230.0,142.47629
45.0,345.11902
110.0,79.74836
280.0,298.4928
150.0,209.62518
429.0,358.07217
150.0,327.40637
279.0,193.97183
129.0,218.7308
120.0,88.598015
130.0,280.0792
90.0,132.11086
402.0,436.50394
90.0,128.94193
525.0,309.20694
241.0,101.98266
323.0,166.04634
129.0,236.9636
90.0,121.789
298.0,167.52979
363.0,164.22136
90.0,145.51819
66.0,126.565056
380.0,435.0363
999.0,771.40967
77.0,98.28972
999.0,679.65875
87.0,333.96436
95.0,210.45782
200.0,443.57016
673.0,355.23877
250.0,589.3753
360.0,309.4839
79.0,155.06952
80.0,206.8959
141.0,240.1677
146.0,166.4356
180.0,115.21272
86.0,348.48996
70.0,135.33061
120.0,184.03603
70.0,184.07236
999.0,869.8235
999.0,1037.1434
600.0,496.71613
999.0,1111.7057
990.0,924.7489
57.0,88.0089
85.0,135.15025
150.0,209.02715
150.0,131.92715
131.0,169.29565
35.0,228.08951
800.0,403.56363
173.0,159.97794
114.0,159.43681
650.0,290.46002
91.0,221.01048
313.0,488.8442
90.0,214.75035
999.0,918.0449
120.0,171.7643
124.0,312.80768
300.0,206.72266
200.0,238.37497
296.0,216.74634
160.0,155.85895
190.0,276.90222
59.0,178.39676
185.0,138.10747
143.0,95.728096
800.0,343.10114
635.0,629.361
157.0,302.9545
159.0,131.63516
181.0,157.63446
104.0,96.42402
180.0,160.57703
124.0,156.92084
754.0,800.67413
130.0,205.4675
420.0,260.38348
131.0,266.47247
130.0,170.555
400.0,156.60477
100.0,212.48402
90.0,132.07257
499.0,383.02737
296.0,208.67694
353.0,211.49327
131.0,161.97289
149.0,344.32745
436.0,261.83792
480.0,454.53955
349.0,234.16455
280.0,263.38492
150.0,110.055275
150.0,133.17767
43.0,183.833
111.0,105.587776
177.0,149.8872
108.0,175.68231
322.0,184.97287
324.0,177.10472
331.0,462.8846
150.0,213.38718
100.0,152.30945
524.0,249.52058
400.0,142.05688
85.0,192.97047
260.0,195.3509
90.0,140.18427
285.0,170.94365
139.0,415.40408
150.0,266.6212
457.0,458.02304
159.0,211.04793
80.0,341.98593
39.0,93.05989
941.0,720.0438
919.0,672.8192
959.0,591.1858
100.0,126.61461
129.0,353.9701
109.0,91.728584
188.0,193.3295
289.0,340.82214
592.0,273.61536
58.0,134.76689
100.0,206.65982
174.0,92.06717
260.0,246.667
48.0,100.11201
479.0,608.05164
433.0,251.50195
41.0,137.81833
846.0,658.2029
157.0,151.31998
125.0,142.20699
200.0,180.67134
105.0,141.21632
588.0,624.6175
454.0,488.09473
54.0,183.41768
329.0,208.61574
139.0,121.714035
41.0,108.32844
435.0,255.55304
588.0,416.06342
588.0,359.16354
487.0,343.36203
125.0,126.18036
42.0,150.51698
85.0,194.31378
141.0,127.50791
459.0,301.2477
98.0,288.72867
100.0,216.19518
129.0,361.5419
100.0,132.69485
215.0,221.45514
120.0,236.70497
110.0,171.79915
129.0,416.69205
85.0,158.99065
389.0,313.35904
94.0,154.22768
362.0,189.32646
742.0,394.515
450.0,361.5462
298.0,203.10265
136.0,175.45619
161.0,160.55928
48.0,163.70616
199.0,247.68547
246.0,264.309
231.0,347.10074
473.0,502.86087
149.0,168.88281
98.0,155.03786
57.0,127.7842
106.0,195.69037
578.0,370.98846
79.0,167.32231
450.0,154.0649
150.0,397.26794
196.0,170.16345
130.0,177.06378
442.0,176.93268
442.0,107.67006
100.0,211.28352
139.0,242.69203
249.0,270.38754
139.0,100.37483
324.0,196.05843
327.0,449.43335
48.0,276.00626
378.0,203.28792
497.0,236.67244
160.0,164.85011
130.0,161.28442
120.0,124.82839
180.0,224.03299
100.0,158.60127
60.0,177.83618
150.0,280.77484
100.0,99.97266
110.0,255.11133
128.0,166.9614
850.0,649.91626
32.0,142.27844
212.0,232.50339
339.0,262.18814
350.0,418.81827
49.0,116.25628
130.0,119.720146
300.0,119.59997
110.0,236.70497
200.0,230.52013
350.0,208.84286
319.0,173.63557
287.0,141.903
289.0,140.10478
407.0,380.96436
55.0,149.61855
79.0,157.34703
170.0,165.91565
183.0,181.49785
100.0,106.57228
220.0,176.17108
74.0,151.4899
277.0,179.7161
144.0,182.68437
100.0,88.85892
144.0,160.80563
189.0,175.31654
500.0,329.15454
634.0,649.6306
75.0,303.83566
180.0,158.95546
115.0,148.42615
144.0,184.76169
800.0,465.39392
279.0,253.02573
607.0,641.1973
154.0,122.939445
164.0,261.8301
955.0,723.47565
500.0,444.74457
329.0,228.18242
120.0,205.601
150.0,80.725746
123.0,161.06326
109.0,465.1169
280.0,189.28268
76.0,175.45932
447.0,368.15228
263.0,378.8914
207.0,155.6292
197.0,297.22208
58.0,117.819115
147.0,205.07071
82.0,135.52081
263.0,315.8923
663.0,449.4283
913.0,311.68225
187.0,300.18015
165.0,150.81343
290.0,221.65285
66.0,129.21681
109.0,81.37595
165.0,143.90054
200.0,185.44308
214.0,172.25633
80.0,283.78763
175.0,156.24257
250.0,354.37646
676.0,335.82288
185.0,173.48167
147.0,302.98645
214.0,205.4675
239.0,177.08557
190.0,184.20149
70.0,85.459435
525.0,324.2317
80.0,176.82176
137.0,129.70322
211.0,162.4305
65.0,121.27045
185.0,160.05173
500.0,308.9739
86.0,147.86823
230.0,199.74762
174.0,163.67764
49.0,254.75891
200.0,177.17319
289.0,329.76016
333.0,185.38506
94.0,247.878
580.0,393.8806
148.0,159.99406
171.0,174.16507
99.0,87.22931
375.0,329.06262
200.0,142.70871
235.0,153.3794
160.0,174.85841
250.0,258.856
211.0,415.1795
175.0,345.03873
700.0,247.50282
113.0,125.88233
290.0,186.16876
135.0,118.73254
150.0,163.22856
390.0,191.93694
110.0,95.67983
90.0,194.32018
357.0,199.34218
101.0,114.52647
55.0,151.15956
190.0,172.01604
241.0,233.26045
220.0,279.72733
241.0,239.85306
241.0,235.40556
326.0,167.89565
164.0,209.22823
348.0,319.40598
241.0,248.93839
373.0,193.02245
241.0,212.69139
350.0,97.94218
280.0,242.34796
119.0,147.96158
280.0,266.3507
760.0,326.66495
247.0,338.1632
454.0,409.1841
280.0,243.75568
400.0,169.29283
165.0,187.39685
70.0,215.18248
247.0,350.23587
986.0,394.59918
898.0,279.72733
435.0,373.03696
68.0,187.84491
221.0,205.4675
194.0,198.36362
241.0,235.79112
957.0,606.9348
587.0,399.426
125.0,183.91322
95.0,166.44794
241.0,169.15526
84.0,246.98718
58.0,103.63941
190.0,193.1323
100.0,395.39404
443.0,282.23227
642.0,555.1858
208.0,175.86293
101.0,130.86362
250.0,115.87287
241.0,246.10783
97.0,96.19891
50.0,209.62518
90.0,182.00278
135.0,96.115486
280.0,263.60852
241.0,219.66582
225.0,161.18042
120.0,148.2436
206.0,191.9152
450.0,368.23227
392.0,366.86954
105.0,239.54216
250.0,153.98582
250.0,243.84627
90.0,178.5627
463.0,562.4881
130.0,172.44814
261.0,215.02423
241.0,219.66582
190.0,115.66191
280.0,249.9742
115.0,241.061
241.0,242.1628
231.0,270.55685
207.0,222.03676
95.0,88.34265
80.0,269.27948
366.0,329.64825
91.0,239.18442
157.0,262.0402
314.0,154.91768
99.0,176.01459
195.0,152.97745
140.0,103.90653
140.0,187.2163
136.0,150.3957
165.0,86.3499
257.0,187.11606
453.0,126.3631
200.0,206.22026
139.0,262.9056
80.0,159.36569
36.0,614.2581
119.0,193.34177
110.0,147.72939
72.0,149.5178
414.0,224.64406
113.0,169.10738
141.0,151.76479
80.0,124.97728
150.0,122.658104
321.0,386.07465
478.0,264.7442
349.0,399.5951
131.0,168.57507
235.0,196.92969
300.0,422.57922
267.0,285.53555
336.0,171.94295
400.0,317.6831
785.0,430.158
242.0,344.8205
185.0,232.4968
441.0,381.96182
95.0,142.98564
45.0,97.36634
139.0,137.43523
259.0,413.44656
108.0,347.32376
140.0,210.74281
301.0,239.5789
140.0,221.46706
350.0,163.30621
89.0,158.15358
181.0,342.81113
120.0,123.23978
229.0,118.16289
57.0,97.731995
200.0,272.68884
120.0,124.913635
341.0,340.90222
121.0,134.49945
120.0,145.91275
479.0,460.99854
363.0,178.1181
178.0,94.34388
253.0,279.1103
85.0,266.69415
80.0,279.46655
159.0,126.410675
200.0,176.3644
386.0,283.8313
400.0,213.50227
200.0,128.08977
244.0,230.27126
400.0,191.53519
643.0,651.8846
437.0,258.63834
96.0,188.44008
350.0,229.86009
100.0,171.54602
248.0,228.60063
270.0,291.26816
145.0,124.94783
650.0,585.66504
140.0,163.81023
250.0,219.61731
400.0,410.56033
129.0,159.33318
70.0,183.27597
64.0,93.13958
599.0,148.45256
146.0,203.3354
199.0,202.9433
80.0,183.33858
250.0,167.49991
193.0,181.0239
150.0,179.68657
339.0,409.1021
160.0,121.63218
118.0,167.94272
124.0,298.8223
125.0,139.3775
241.0,341.40378
407.0,186.46521
120.0,147.1202
250.0,205.4675
293.0,294.21985
314.0,163.30087
54.0,180.30038
500.0,328.22067
215.0,305.7828
301.0,124.533936
90.0,222.30287
333.0,208.8126
380.0,167.42702
695.0,392.3743
150.0,157.12096
139.0,182.34163
181.0,163.50565
328.0,181.4905
120.0,155.03728
781.0,581.2335
814.0,752.579
118.0,138.12346
299.0,351.11304
85.0,114.75282
51.0,112.08495
550.0,361.41824
186.0,252.08525
300.0,219.9164
190.0,166.44794
207.0,232.91028
253.0,259.44885
107.0,210.64857
250.0,153.78157
116.0,120.876564
293.0,226.3927
951.0,650.9017
100.0,580.05096
471.0,643.84973
65.0,230.33542
140.0,142.88939
75.0,167.73944
250.0,160.62971
499.0,368.91452
400.0,175.59082
196.0,176.1416
140.0,175.50021
82.0,189.84459
414.0,227.56396
80.0,157.12326
199.0,201.03352
65.0,197.21382
66.0,178.24306
400.0,182.21857
66.0,99.19363
45.0,122.37245
160.0,212.8535
500.0,304.59863
130.0,353.17523
389.0,216.95065
270.0,338.11728
405.0,113.0894
405.0,110.11927
596.0,517.1247
587.0,358.5009
65.0,147.74855
80.0,205.48143
112.0,174.79976
400.0,217.53871
650.0,473.13068
50.0,180.34172
284.0,176.07503
116.0,134.19502
379.0,223.92598
200.0,166.13397
150.0,244.77663
220.0,215.72882
237.0,141.82161
86.0,114.147385
85.0,268.8138
175.0,151.96588
104.0,180.42982
326.0,183.14859
104.0,184.76637
40.0,98.732216
203.0,402.81705
546.0,690.2953
240.0,388.45612
298.0,148.12894
80.0,148.90012
95.0,165.42036
46.0,113.91468
326.0,213.95494
92.0,125.6009
800.0,248.09819
571.0,281.64938
100.0,161.29327
300.0,256.1963
750.0,216.92233
236.0,239.2016
51.0,186.70822
599.0,322.60925
179.0,154.1323
88.0,175.50021
150.0,152.04759
127.0,106.049614
351.0,297.16916
90.0,127.573135
75.0,115.278915
80.0,157.58162
350.0,282.3636
129.0,125.68499
100.0,270.42383
120.0,115.62539
50.0,105.27151
320.0,577.53375
143.0,135.84467
180.0,193.29424
700.0,422.12802
50.0,153.49365
179.0,209.5382
88.0,173.57344
136.0,181.72269
80.0,105.498856
120.0,187.3461
85.0,166.44794
280.0,126.79425
155.0,222.19833
358.0,297.741
120.0,162.89275
600.0,289.21576
97.0,161.3393
151.0,151.20393
528.0,500.45126
277.0,221.23648
200.0,164.12642
68.0,167.64526
55.0,114.09472
857.0,438.56033
120.0,298.97467
80.0,159.09187
300.0,268.9271
271.0,180.1845
210.0,258.40347
150.0,128.60896
880.0,403.0978
410.0,405.1464
186.0,279.66724
300.0,256.19955
241.0,289.8824
130.0,312.40692
99.0,73.10703
30.0,719.401
150.0,262.10193
300.0,386.0472
79.0,115.29146
776.0,425.52005
62.0,381.60052
800.0,251.94814
221.0,247.86952
193.0,279.19174
252.0,252.8595
310.0,193.21996
150.0,149.62096
282.0,270.72327
237.0,306.88275
101.0,180.28296
138.0,214.3521
281.0,255.59319
281.0,170.32649
250.0,161.35728
200.0,290.80737
157.0,155.18056
70.0,124.913635
126.0,174.91896
73.0,210.40706
376.0,446.56485
250.0,239.69203
163.0,206.22026
55.0,127.21128
435.0,189.13052
88.0,422.74097
759.0,363.82623
168.0,168.65907
253.0,184.7826
100.0,93.15365
300.0,352.58276
239.0,148.7958
186.0,126.3631
234.0,275.07944
200.0,171.79915
100.0,124.58741
80.0,621.2585
986.0,213.55016
220.0,299.96967
270.0,374.1547
160.0,125.78829
156.0,172.882
140.0,123.260445
90.0,203.58372
136.0,160.0873
60.0,184.69972
100.0,191.11205
115.0,257.4621
72.0,113.65492
369.0,171.79915
493.0,211.32343
196.0,289.18738
99.0,122.182594
229.0,215.4043
201.0,214.24754
200.0,201.95027
150.0,254.9757
230.0,262.12677
330.0,231.9836
500.0,354.21088
156.0,230.86661
250.0,196.72134
198.0,137.50357
307.0,328.62976
143.0,200.52171
171.0,165.33328
486.0,278.93802
550.0,584.42816
96.0,149.24315
148.0,125.10399
301.0,279.5334
200.0,251.60603
368.0,420.9434
107.0,100.125595
96.0,125.190994
198.0,126.79425
120.0,268.31778
470.0,474.94073
104.0,118.500885
82.0,171.7096
169.0,175.86293
436.0,239.35855
76.0,113.052124
159.0,216.6691
77.0,126.3631
150.0,126.13575
130.0,280.27704
174.0,119.24905
147.0,132.83824
93.0,157.28452
174.0,128.2845
174.0,215.25224
99.0,177.83618
59.0,136.04253
180.0,260.23264
49.0,106.30934
271.0,351.6379
300.0,263.5213
47.0,87.52933
349.0,370.6839
180.0,341.76257
220.0,224.14886
100.0,157.15257
900.0,235.57863
106.0,97.22178
473.0,385.90634
125.0,266.1657
59.0,122.61531
86.0,165.31522
169.0,185.07372
249.0,199.86137
250.0,303.12448
197.0,271.16785
606.0,488.951
427.0,289.04285
109.0,213.28516
221.0,170.82166
253.0,179.48215
151.0,145.20938
460.0,417.86945
200.0,205.4675
156.0,164.40742
390.0,291.9236
236.0,162.71104
120.0,157.58162
274.0,374.28293
75.0,195.15045
182.0,131.67145
177.0,167.73834
400.0,209.1162
100.0,151.39615
70.0,186.3811
720.0,410.13885
365.0,331.65326
475.0,320.28186
514.0,421.70078
235.0,307.11383
140.0,157.58162
126.0,206.72266
242.0,173.4615
120.0,178.69984
121.0,122.59479
161.0,186.6089
828.0,591.6146
186.0,171.79915
150.0,232.65451
400.0,483.56686
145.0,120.736336
103.0,136.63438
279.0,173.53163
129.0,194.4459
118.0,239.69203
174.0,141.10847
35.0,159.04907
150.0,206.86653
250.0,375.6657
132.0,160.5114
57.0,120.8468
100.0,187.81448
250.0,205.4675
107.0,190.22313
151.0,130.30579
161.0,178.38307
350.0,262.12677
91.0,115.61541
320.0,329.6282
325.0,213.51181
125.0,304.685
191.0,213.13695
370.0,380.1751
84.0,165.66597
411.0,330.78308
510.0,361.33783
104.0,288.97375
150.0,158.68103
389.0,197.41072
143.0,216.62918
960.0,705.53625
356.0,300.28098
307.0,352.6188
287.0,303.74823
217.0,428.4206
160.0,188.13954
643.0,367.77634
220.0,198.7213
95.0,204.72166
23.0,256.5691
119.0,177.35947
350.0,239.88148
150.0,126.847275
176.0,179.69113
149.0,120.11322
450.0,479.07697
250.0,224.33693
227.0,206.72266
113.0,377.60144
200.0,210.60443
102.0,87.52933
247.0,265.07153
86.0,149.40567
150.0,174.88765
123.0,162.62965
837.0,387.1627
68.0,90.65088
200.0,222.39122
55.0,83.45051
140.0,186.6089
150.0,175.86293
189.0,211.33412
262.0,166.66493
70.0,159.90779
93.0,139.94476
100.0,113.91468
250.0,172.07541
983.0,792.1702
85.0,169.49239
130.0,187.27432
104.0,160.47392
400.0,157.58162
57.0,138.4157
48.0,212.58192
180.0,240.34157
400.0,108.12194
584.0,437.07034
219.0,232.65451
450.0,256.75546
155.0,192.41214
157.0,202.96175
117.0,126.254
51.0,126.3631
350.0,308.97824
79.0,174.87105
212.0,200.83125
191.0,175.50021
299.0,209.62518
100.0,83.45051
130.0,206.72266
177.0,373.4277
220.0,228.62074
253.0,370.6839
170.0,121.2205
250.0,354.18558
210.0,370.63733
195.0,218.39174
187.0,187.74666
385.0,311.8429
230.0,251.60603
165.0,206.72266
200.0,273.64413
107.0,154.81737
103.0,173.53163
300.0,223.48415
170.0,268.98853
68.0,178.38307
249.0,162.32414
417.0,367.39673
157.0,175.50021
400.0,249.15852
190.0,218.96048
160.0,210.43909
80.0,124.913635
140.0,181.63927
318.0,409.431
415.0,171.79915
168.0,251.22624
199.0,157.58162
114.0,288.6367
343.0,369.68396
120.0,201.03352
150.0,112.08495
253.0,429.41614
140.0,178.66226
157.0,177.6831
340.0,175.50021
95.0,175.08128
250.0,157.58162
81.0,124.24685
140.0,218.08118
304.0,365.88702
139.0,132.69485
190.0,329.63885
154.0,212.44876
129.0,218.55434
65.0,87.52933
160.0,162.7075
230.0,253.67984
281.0,187.81448
120.0,208.84206
490.0,370.94073
468.0,366.2656
140.0,194.32018
449.0,637.7036
793.0,430.83557
100.0,175.08128
207.0,284.32877
150.0,172.25633
190.0,203.92253
300.0,246.67798
61.0,458.97464
184.0,175.08128
300.0,287.91083
110.0,112.05039
100.0,143.0521
400.0,186.42215
493.0,283.29236
99.0,159.90779
145.0,165.51567
160.0,239.69203
120.0,114.40045
225.0,158.3435
229.0,166.44794
349.0,105.498856
60.0,126.3631
180.0,372.10944
185.0,166.60657
680.0,510.4833
165.0,298.01352
65.0,121.2205
139.0,206.72266
95.0,120.43261
82.0,398.66684
97.0,174.71532
78.0,124.45435
416.0,552.43274
388.0,173.86893
146.0,213.30534
387.0,357.41232
257.0,161.63254
120.0,167.78682
67.0,203.97304
49.0,176.71979
100.0,169.55676
39.0,64.49494
120.0,172.53822
160.0,227.64511
250.0,191.47739
110.0,344.58884
249.0,234.608
120.0,172.50996
90.0,359.91208
570.0,267.9932
95.0,176.19589
60.0,131.06981
188.0,163.28725
134.0,230.74423
54.0,94.4699
201.0,396.3488
120.0,169.91174
80.0,213.25078
77.0,143.97122
78.0,83.774635
92.0,630.3063
55.0,102.853325
74.0,140.9654
139.0,141.05176
118.0,260.02676
249.0,139.98347
75.0,197.80885
170.0,202.59354
299.0,123.42303
129.0,117.74085
637.0,326.86456
133.0,162.70338
528.0,484.73148
92.0,114.04163
49.0,113.383644
72.0,159.68214
189.0,196.50893
100.0,157.872
114.0,121.399155
266.0,248.88173
464.0,315.71906
464.0,286.34467
122.0,102.711205
50.0,129.91924
190.0,206.96638
249.0,170.87332
41.0,117.887344
395.0,319.99768
25.0,77.676575
276.0,233.08517
200.0,264.8434
127.0,128.82675
49.0,78.20387
170.0,229.95245
244.0,189.54247
178.0,379.53442
269.0,157.85812
121.0,172.72511
880.0,611.7995
120.0,168.24422
57.0,235.76231
170.0,665.6641
355.0,251.1172
316.0,192.57918
67.0,156.81354
280.0,268.173
58.0,92.3914
186.0,189.98138
116.0,225.15654
300.0,266.34158
89.0,245.14844
149.0,285.1554
250.0,291.47208
194.0,170.23538
154.0,234.66266
131.0,261.35107
137.0,230.70616
106.0,203.51384
269.0,170.42215
108.0,355.98907
140.0,140.25072
140.0,192.4911
464.0,667.7885
109.0,131.53581
89.0,274.2669
23.0,175.59714
99.0,137.0555
150.0,133.85562
300.0,158.78621
509.0,359.34216
525.0,304.48178
250.0,476.884
109.0,151.87006
32.0,236.50647
492.0,483.5575
117.0,163.79318
79.0,126.66673
169.0,147.44669
123.0,288.1697
250.0,179.24455
86.0,85.84867
260.0,164.52858
300.0,166.99796
69.0,297.4794
165.0,184.01631
179.0,208.706
89.0,351.43176
79.0,157.6478
350.0,607.9717
89.0,160.09866
220.0,272.93164
195.0,243.72208
250.0,176.5089
80.0,123.72491
56.0,235.59381
160.0,154.2016
110.0,208.14111
650.0,595.3181
150.0,183.52644
113.0,159.9124
114.0,121.23987
70.0,138.64038
360.0,176.32712
82.0,174.9086
562.0,670.8282
249.0,136.85799
250.0,182.29051
120.0,169.91174
160.0,306.14468
56.0,177.6118
121.0,127.71892
109.0,259.43994
339.0,231.62898
185.0,178.25769
220.0,287.5416
416.0,519.5717
80.0,103.485405
846.0,698.7634
572.0,530.3827
183.0,238.78038
215.0,202.38193
457.0,665.6377
185.0,134.4905
220.0,212.60161
136.0,133.4243
200.0,255.00648
350.0,391.22006
500.0,103.50084
84.0,153.86334
243.0,209.62688
350.0,216.01077
736.0,720.18414
479.0,761.20605
152.0,160.21829
382.0,205.33612
479.0,362.96695
420.0,443.2042
240.0,417.41177
371.0,346.71304
200.0,212.21487
300.0,179.10983
643.0,484.64584
150.0,145.083
180.0,197.63258
96.0,117.08133
84.0,107.89662
295.0,265.49292
218.0,268.4237
99.0,76.47039
375.0,269.3257
893.0,217.73405
93.0,131.36551
99.0,204.09099
442.0,282.18765
100.0,116.2893
411.0,277.59897
300.0,311.76425
150.0,189.91853
240.0,214.65057
155.0,199.55798
257.0,169.98425
150.0,135.0387
800.0,424.90955
781.0,762.30853
85.0,93.99543
66.0,101.05174
246.0,156.2646
600.0,766.3599
714.0,374.2588
60.0,165.9564
60.0,123.6628
120.0,148.2555
450.0,480.6141
129.0,303.15433
140.0,498.7864
400.0,267.7677
264.0,209.3733
83.0,101.40864
190.0,191.04767
100.0,214.6823
127.0,125.61324
150.0,121.22911
105.0,128.75484
91.0,206.10022
600.0,159.05533
75.0,109.466156
59.0,108.73388
150.0,74.07316
100.0,306.93277
100.0,253.62643
100.0,208.27113
999.0,554.15717
410.0,254.7294
130.0,285.6181
87.0,160.81279
189.0,166.13483
130.0,152.2396
94.0,96.621475
999.0,661.6095
125.0,96.67064
200.0,133.95427
597.0,585.2282
663.0,270.54376
30.0,212.77527
213.0,215.48244
181.0,153.07205
137.0,145.01453
92.0,128.13397
106.0,129.50963
170.0,179.90215
167.0,150.99364
255.0,360.70718
225.0,266.56775
897.0,627.8229
130.0,169.88783
280.0,216.93018
68.0,83.172455
428.0,290.2738
173.0,194.50496
42.0,143.89154
340.0,107.8174
226.0,166.88898
64.0,190.12808
290.0,131.56364
271.0,208.70778
421.0,254.90819
380.0,447.3621
115.0,115.04736
33.0,142.7706
93.0,176.55754
263.0,183.77643
120.0,164.51936
151.0,220.12129
150.0,151.87111
111.0,131.16206
99.0,148.52802
413.0,200.16429
411.0,219.82501
523.0,431.71732
222.0,534.0809
290.0,262.7035
80.0,92.67918
80.0,108.25909
222.0,99.743576
377.0,406.96533
110.0,385.14447
125.0,159.68544
999.0,460.61005
227.0,152.61159
999.0,450.72946
482.0,508.17477
101.0,186.69891
349.0,234.02116
528.0,164.82698
387.0,211.85309
250.0,202.73425
104.0,139.76723
70.0,114.719925
433.0,319.2265
450.0,366.95764
447.0,281.6314
130.0,75.872475
227.0,161.27873
478.0,711.3271
90.0,97.19522
241.0,128.15643
796.0,318.4523
806.0,243.72208
95.0,343.97772
424.0,181.62236
70.0,173.79143
221.0,166.42023
399.0,592.23254
129.0,472.54697
34.0,66.14977
365.0,655.5873
126.0,216.69263
274.0,204.91914
180.0,111.17502
150.0,498.05682
74.0,88.524376
150.0,159.77014
390.0,296.1534
468.0,247.928
55.0,96.04094
85.0,111.61672
329.0,387.76062
179.0,408.699
90.0,168.73273
164.0,258.68622
162.0,164.67805
50.0,93.46096
298.0,300.72256
168.0,165.86905
90.0,121.124016
30.0,163.89877
150.0,245.89247
80.0,64.093346
278.0,162.81355
161.0,187.13576
313.0,201.9545
79.0,127.110146
30.0,112.88927
83.0,121.81778
450.0,331.73306
140.0,145.09727
85.0,266.18524
66.0,125.1912
90.0,135.59447
105.0,122.438194
100.0,258.2921
187.0,158.33746
289.0,254.87453
90.0,301.00217
150.0,179.85803
75.0,162.33046
88.0,113.598045
370.0,732.19305
292.0,246.70515
225.0,202.62549
180.0,155.89151
350.0,172.24568
214.0,32.07393
138.0,139.54066
162.0,280.0443
136.0,411.35034
280.0,156.11563
249.0,125.51756
160.0,217.51825
173.0,209.25516
200.0,245.35927
184.0,173.52374
95.0,221.23706
230.0,288.52554
617.0,718.0568
870.0,408.599
160.0,372.57727
80.0,120.492096
75.0,97.57208
89.0,159.8418
360.0,383.89825
120.0,145.93787
164.0,207.92273
350.0,153.38216
250.0,187.24915
90.0,150.5855
329.0,283.2253
230.0,176.95123
280.0,256.61465
175.0,211.76875
200.0,114.11299
150.0,351.55212
110.0,88.994934
350.0,173.79143
872.0,449.52682
110.0,154.52612
129.0,212.50142
161.0,129.16277
140.0,184.82468
144.0,141.77151
69.0,169.98425
175.0,124.03318
120.0,153.25874
70.0,104.34571
429.0,383.30023
211.0,157.95566
90.0,126.272995
270.0,187.1252
627.0,620.57574
120.0,131.70546
350.0,340.38724
249.0,289.01154
134.0,217.7272
290.0,155.2274
139.0,237.4167
280.0,262.1901
200.0,213.62971
115.0,186.59145
97.0,358.5214
192.0,151.78946
49.0,217.8707
165.0,345.13736
321.0,317.79947
304.0,184.0472
109.0,301.8795
186.0,200.91777
296.0,386.67136
386.0,330.53256
150.0,230.88332
379.0,314.9564
310.0,268.60754
190.0,161.24797
95.0,247.13446
130.0,201.79855
500.0,427.94458
90.0,185.49243
130.0,167.28305
111.0,119.52456
160.0,214.23341
300.0,254.68256
160.0,156.83893
120.0,201.18811
400.0,171.79964
135.0,170.92227
129.0,98.84161
220.0,227.74454
339.0,286.09256
450.0,288.55206
386.0,404.1058
83.0,141.6881
170.0,161.8056
131.0,173.71552
175.0,283.70407
127.0,128.16473
130.0,190.77895
100.0,206.14078
266.0,392.96954
123.0,111.617516
337.0,305.821
350.0,403.46536
60.0,132.84138
154.0,220.54475
321.0,293.9285
80.0,215.23297
300.0,201.64247
113.0,163.80867
140.0,135.53392
120.0,161.42407
150.0,172.50996
500.0,473.9443
230.0,161.50916
170.0,320.8059
159.0,337.64087
185.0,222.70784
317.0,403.07532
479.0,438.82266
175.0,148.52025
350.0,150.01921
299.0,172.24568
47.0,115.70858
421.0,299.8132
320.0,185.29033
120.0,119.34877
200.0,179.23555
101.0,157.1616
34.0,145.81075
279.0,152.90475
260.0,322.57382
130.0,153.1425
182.0,81.87753
310.0,632.8313
95.0,132.64565
155.0,159.15845
140.0,188.38824
241.0,222.1751
200.0,162.05927
437.0,544.14185
94.0,91.69231
157.0,229.69287
180.0,84.48787
155.0,206.46318
241.0,232.52695
200.0,382.2678
241.0,200.50633
279.0,205.39107
150.0,212.2397
82.0,179.45758
240.0,159.01631
613.0,366.05154
82.0,176.98521
280.0,273.35254
150.0,209.68547
290.0,332.82227
241.0,246.92453
241.0,247.65869
95.0,210.43893
879.0,681.8518
892.0,542.29767
818.0,327.31305
241.0,239.5461
241.0,225.82372
280.0,267.13806
241.0,252.43196
303.0,206.10022
285.0,203.5472
374.0,442.17224
145.0,265.88043
120.0,142.09099
92.0,159.3014
122.0,158.98647
241.0,259.87314
69.0,154.78767
150.0,195.4116
500.0,359.38974
214.0,278.75882
70.0,223.70259
241.0,259.87314
183.0,183.32007
414.0,158.28008
399.0,511.4227
900.0,407.86966
171.0,160.02995
290.0,416.11185
650.0,262.50778
33.0,81.99921
253.0,336.69052
230.0,341.457
300.0,178.70961
280.0,277.78708
260.0,201.53352
680.0,221.12163
229.0,171.22403
226.0,251.50972
182.0,190.513
120.0,225.41893
150.0,171.94122
150.0,383.30447
170.0,164.08665
241.0,232.52695
487.0,330.91016
227.0,377.5762
280.0,268.48157
241.0,222.1751
280.0,251.03217
427.0,295.44052
507.0,282.0908
210.0,571.27277
126.0,205.30052
100.0,92.10765
500.0,277.95932
78.0,174.02852
293.0,209.57735
358.0,278.19894
197.0,303.33002
129.0,192.6817
144.0,181.6472
113.0,150.75488
151.0,160.95033
348.0,395.80948
125.0,293.04715
507.0,376.68085
600.0,412.74518
164.0,330.33194
100.0,165.43066
220.0,174.68086
109.0,169.8351
200.0,298.94012
111.0,259.63538
122.0,87.78727
245.0,157.71458
136.0,176.44743
579.0,352.40814
250.0,194.81253
250.0,184.17575
776.0,370.10532
230.0,295.1525
55.0,205.17465
174.0,214.7962
190.0,171.40154
55.0,56.530556
53.0,83.03214
241.0,254.50473
190.0,170.18109
493.0,297.71777
170.0,156.4939
179.0,200.21965
676.0,522.4782
700.0,486.70114
839.0,745.34436
85.0,137.92741
438.0,294.8374
400.0,225.25
571.0,634.6954
310.0,463.8208
40.0,126.60857
121.0,187.7794
565.0,703.32874
169.0,231.80144
500.0,352.50253
227.0,186.71078
401.0,282.7202
205.0,287.072
411.0,386.1854
129.0,166.14133
166.0,331.105
106.0,172.24568
250.0,226.68343
390.0,407.94553
99.0,280.2645
650.0,400.00278
317.0,333.52075
293.0,276.62506
600.0,356.809
160.0,181.7795
144.0,176.91539
143.0,169.71826
228.0,165.07024
200.0,345.12546
150.0,447.87784
80.0,105.00624
174.0,140.79935
111.0,156.91168
104.0,225.75166
191.0,288.75143
50.0,176.98521
230.0,193.73763
212.0,385.2158
120.0,184.82686
90.0,157.90392
50.0,164.94348
105.0,110.23481
180.0,176.33151
151.0,236.53973
150.0,172.24568
173.0,170.74524
295.0,204.35999
95.0,146.13982
99.0,184.78282
264.0,333.9969
280.0,220.06071
114.0,127.235954
140.0,143.79025
490.0,333.3408
180.0,185.32275
49.0,371.4376
104.0,216.6926
250.0,232.13406
148.0,172.24568
130.0,173.79143
180.0,178.09732
359.0,347.0015
150.0,165.47693
303.0,354.13464
250.0,181.61362
721.0,383.12714
120.0,89.521545
180.0,239.0369
222.0,198.13843
160.0,136.84557
183.0,121.92196
149.0,263.72543
714.0,371.9502
110.0,145.67992
80.0,101.55246
100.0,179.7448
694.0,672.0296
111.0,126.9936
420.0,326.5882
508.0,619.4244
290.0,294.45792
80.0,103.438095
150.0,113.42914
101.0,272.37775
158.0,198.91803
124.0,112.63854
162.0,211.38292
119.0,215.95387
343.0,303.13638
66.0,98.71057
87.0,149.1515
224.0,208.03264
95.0,87.40674
299.0,197.09863
999.0,719.97675
499.0,373.85703
999.0,765.9392
499.0,565.533
259.0,303.32407
93.0,163.72632
250.0,212.2397
50.0,83.35385
260.0,229.96736
235.0,293.72003
167.0,311.93146
290.0,286.7147
86.0,147.25984
180.0,124.04162
65.0,139.10497
77.0,211.31306
405.0,161.41945
405.0,162.458
596.0,511.93497
554.0,196.92699
133.0,157.59557
104.0,274.22168
69.0,120.46367
55.0,179.01616
213.0,144.57364
200.0,255.41228
100.0,204.46896
200.0,215.57825
138.0,176.07758
140.0,436.92096
254.0,182.56554
174.0,339.15628
150.0,222.95152
200.0,354.49756
79.0,471.04993
52.0,85.58374
136.0,156.60963
320.0,170.2008
350.0,480.51523
114.0,228.17957
106.0,81.10861
103.0,165.95908
184.0,231.69196
240.0,165.2001
173.0,336.72025
393.0,229.91454
85.0,206.7138
199.0,155.06227
222.0,378.70813
188.0,188.15248
122.0,171.39906
139.0,277.7022
600.0,203.98747
464.0,174.24702
201.0,124.29914
617.0,497.13266
333.0,305.0809
417.0,343.17056
20.0,137.10025
95.0,123.10412
63.0,160.2301
213.0,274.75543
130.0,163.70459
400.0,229.00446
99.0,111.83126
85.0,119.73131
386.0,294.56644
295.0,175.99416
244.0,173.79143
80.0,163.84636
80.0,124.20293
133.0,264.74756
127.0,200.34224
208.0,267.1407
269.0,160.63988
160.0,114.88328
88.0,93.37694
439.0,351.69476
47.0,165.67474
750.0,422.1743
93.0,176.98521
292.0,201.72446
312.0,359.6833
101.0,252.50133
141.0,133.41423
160.0,361.97498
250.0,104.717186
192.0,138.65102
360.0,255.40558
300.0,296.9053
151.0,216.21117
296.0,258.632
286.0,159.00179
141.0,147.71033
270.0,245.15527
48.0,196.21036
270.0,260.31223
90.0,133.83371
160.0,68.19533
555.0,350.0482
323.0,579.89813
264.0,263.48074
250.0,155.97205
160.0,150.46904
150.0,123.41283
231.0,283.0688
700.0,314.20413
131.0,192.4324
112.0,204.07594
277.0,215.83363
170.0,134.30687
175.0,165.57271
110.0,153.87209
400.0,259.7328
96.0,154.19653
150.0,166.67784
450.0,165.31503
231.0,156.35385
104.0,172.02194
129.0,217.41219
79.0,206.9495
143.0,125.06929
68.0,78.069756
443.0,535.3699
132.0,134.99841
90.0,172.55869
333.0,239.52824
150.0,131.65485
300.0,555.0731
249.0,322.91614
80.0,134.9654
109.0,146.10927
320.0,528.80457
178.0,214.3647
150.0,184.47423
82.0,95.5032
241.0,264.74472
577.0,337.35724
109.0,276.5472
750.0,412.98328
87.0,132.09491
99.0,172.24568
421.0,319.32712
154.0,146.8942
688.0,378.02304
120.0,140.84547
174.0,221.17656
192.0,205.24986
92.0,163.5792
64.0,108.60015
171.0,160.51407
370.0,229.23473
200.0,140.80522
250.0,269.7261
100.0,176.98521
237.0,179.74
378.0,263.9605
186.0,159.39915
93.0,168.25183
175.0,395.86157
151.0,318.4573
299.0,269.24112
190.0,240.3703
416.0,336.30374
440.0,287.29575
354.0,340.25647
250.0,281.26996
151.0,221.42921
120.0,128.48428
105.0,172.5811
341.0,674.9252
55.0,130.49051
90.0,221.82455
236.0,340.98248
500.0,480.44318
75.0,136.02376
192.0,256.09796
280.0,158.2898
134.0,269.69357
244.0,183.15997
111.0,89.83953
151.0,133.02745
220.0,156.96873
153.0,255.50375
175.0,689.0861
151.0,220.73952
149.0,196.87904
130.0,345.8156
264.0,366.30075
124.0,194.44914
300.0,350.0134
400.0,477.31448
235.0,280.05814
216.0,495.54642
350.0,206.10022
90.0,129.76242
407.0,186.94835
327.0,284.71362
174.0,144.38742
307.0,321.36908
351.0,269.7261
380.0,331.65182
130.0,361.43008
157.0,166.88763
486.0,380.00122
401.0,258.13626
450.0,304.76212
184.0,182.45332
130.0,172.24568
220.0,231.3465
290.0,245.33815
529.0,684.909
70.0,127.91467
87.0,88.30557
164.0,177.23317
110.0,274.85828
159.0,121.98657
47.0,164.84103
143.0,162.97707
291.0,360.23596
358.0,227.34624
271.0,294.12433
500.0,365.53775
205.0,176.62898
699.0,353.29306
250.0,417.51758
264.0,190.55418
85.0,152.37622
320.0,197.71628
243.0,218.74417
576.0,748.57196
600.0,463.67413
224.0,168.08653
238.0,152.97485
565.0,282.24435
259.0,166.51286
250.0,370.677
80.0,130.3132
723.0,320.26947
88.0,255.41228
130.0,206.10022
50.0,147.06276
126.0,584.847
266.0,255.50375
194.0,158.04744
263.0,231.57643
707.0,314.16223
564.0,298.95938
88.0,191.46799
757.0,494.84058
200.0,172.24568
772.0,508.3857
150.0,160.27063
562.0,288.0449
354.0,502.36203
207.0,203.33481
46.0,147.61522
180.0,164.20636
300.0,211.31306
713.0,496.21527
120.0,277.70795
180.0,170.31882
125.0,173.79143
324.0,382.9929
150.0,120.19192
135.0,256.21246
90.0,255.67523
122.0,150.5127
131.0,350.81033
132.0,172.19246
250.0,201.53392
126.0,153.4432
150.0,134.313
156.0,171.35985
106.0,123.42303
343.0,268.50204
220.0,201.53392
130.0,231.9352
175.0,260.1096
400.0,202.53305
90.0,184.98907
304.0,476.5205
350.0,92.09117
137.0,303.27594
186.0,142.94324
307.0,261.0193
237.0,274.85645
223.0,261.52054
450.0,582.33417
130.0,150.2278
199.0,244.73773
244.0,392.60004
107.0,172.50996
309.0,397.3459
300.0,286.35803
230.0,218.58882
340.0,344.62784
71.0,133.02745
206.0,172.24568
64.0,116.48007
159.0,155.72656
108.0,116.793076
50.0,170.29726
183.0,127.93845
90.0,178.52109
784.0,647.0832
80.0,170.29726
200.0,215.93413
260.0,286.95624
229.0,176.98521
500.0,211.47575
80.0,158.5346
229.0,379.16675
121.0,247.56825
340.0,292.24594
349.0,246.34224
123.0,131.56364
120.0,164.20636
168.0,221.85982
377.0,278.63028
116.0,255.19888
514.0,277.34882
70.0,205.84846
488.0,539.40704
280.0,361.08957
320.0,261.52054
543.0,314.37784
140.0,172.9828
280.0,271.07944
145.0,214.77908
150.0,150.13974
197.0,210.12674
210.0,224.66476
80.0,207.88158
350.0,204.77194
74.0,167.3924
96.0,125.83057
136.0,168.58147
216.0,350.0009
636.0,450.9293
200.0,222.59123
443.0,365.40274
229.0,280.05814
140.0,172.50996
140.0,164.51936
50.0,150.47748
150.0,231.9352
146.0,138.11995
89.0,122.04398
150.0,201.53392
100.0,216.42386
757.0,702.63947
60.0,185.06561
295.0,172.24568
120.0,170.56032
131.0,187.26648
110.0,98.376625
144.0,169.57394
160.0,168.08653
80.0,204.46896
376.0,310.64008
356.0,357.3972
520.0,194.75499
130.0,134.36699
257.0,231.9352
126.0,108.73388
160.0,203.5472
96.0,164.20636
114.0,216.67232
45.0,202.1478
285.0,229.77293
119.0,208.72804
113.0,202.8829
228.0,164.20636
450.0,279.79935
160.0,133.02745
100.0,164.67453
70.0,135.2784
153.0,171.30898
149.0,164.86029
250.0,260.9277
130.0,172.24568
180.0,169.98425
200.0,337.78537
143.0,182.00468
251.0,315.5641
106.0,196.87904
190.0,196.87904
111.0,141.57721
133.0,254.98047
856.0,520.47974
87.0,133.58914
86.0,206.10022
155.0,173.79143
73.0,111.3321
73.0,197.63437
245.0,212.05019
250.0,388.78564
451.0,534.3898
283.0,255.41228
307.0,173.79143
178.0,213.12038
110.0,134.9654
136.0,172.50996
63.0,133.02745
100.0,137.61436
168.0,226.23653
130.0,207.0877
450.0,337.35724
333.0,179.74
160.0,208.94728
80.0,183.43698
72.0,138.11995
257.0,340.38434
130.0,271.6434
125.0,111.83126
219.0,164.20636
140.0,172.24568
77.0,173.79143
103.0,229.8235
54.0,78.1997
53.0,128.33252
246.0,266.5371
183.0,258.11227
250.0,203.5472
89.0,164.26186
430.0,303.53204
73.0,134.9654
99.0,210.17781
305.0,337.35724
100.0,165.00102
250.0,352.5355
320.0,346.17358
122.0,126.61947
240.0,140.84547
525.0,322.87445
137.0,176.98521
48.0,134.9654
100.0,78.492966
30.0,95.214615
233.0,153.49442
253.0,302.2058
180.0,213.62971
146.0,172.50996
125.0,312.58032
126.0,167.88449
500.0,674.7986
140.0,169.98425
250.0,575.5503
512.0,222.59123
320.0,198.11041
120.0,220.83757
557.0,320.5528
200.0,196.87904
171.0,170.29726
63.0,134.9654
145.0,87.43252
86.0,118.84572
40.0,102.07594
177.0,159.97685
78.0,236.97581
141.0,259.16452
195.0,191.75209
101.0,120.394394
125.0,186.83434
84.0,323.62863
67.0,120.510284
116.0,132.90123
89.0,214.31201
122.0,158.83466
225.0,247.24954
335.0,497.67874
109.0,122.11722
32.0,814.7072
957.0,859.1038
100.0,160.84718
90.0,190.28809
129.0,109.03602
120.0,152.08556
221.0,243.58319
140.0,180.35316
55.0,150.1576
160.0,106.44529
108.0,95.84789
180.0,179.29428
139.0,254.37077
123.0,156.91568
250.0,149.80623
204.0,343.539
77.0,171.63309
153.0,184.53319
82.0,156.29585
130.0,129.03867
99.0,185.50363
265.0,227.15642
200.0,171.44296
593.0,433.12045
131.0,240.46231
200.0,159.97751
60.0,128.54106
52.0,163.70972
223.0,163.27203
80.0,118.59374
60.0,160.87732
55.0,84.96482
521.0,335.81137
465.0,466.40463
135.0,208.13719
154.0,462.14627
200.0,166.40298
34.0,325.81635
167.0,190.85901
30.0,111.54925
282.0,205.42528
441.0,315.55484
149.0,329.8489
346.0,730.5912
75.0,173.27162
124.0,186.64854
135.0,116.30695
257.0,162.03404
274.0,214.03871
36.0,237.43234
185.0,211.46037
80.0,145.05414
64.0,389.12302
84.0,166.71675
120.0,141.71196
89.0,248.28735
499.0,499.46048
184.0,175.28792
152.0,219.38327
114.0,117.096504
200.0,212.65144
59.0,177.83765
80.0,166.45135
76.0,332.9255
250.0,218.83673
145.0,311.27832
125.0,161.12791
170.0,189.45367
96.0,214.31201
120.0,195.83072
69.0,125.27515
140.0,196.82172
330.0,326.20856
177.0,150.18361
62.0,160.88669
195.0,212.52438
109.0,176.0721
98.0,134.30765
100.0,109.6459
99.0,121.61874
49.0,132.74762
168.0,105.73454
255.0,327.79825
75.0,165.3727
100.0,149.09744
136.0,205.32599
47.0,136.00647
105.0,235.96709
90.0,126.212555
550.0,469.2642
250.0,363.01718
44.0,156.36937
300.0,422.66907
120.0,134.88649
99.0,133.05313
129.0,445.6985
75.0,109.619316
250.0,374.24814
135.0,119.76479
393.0,290.078
168.0,299.58408
505.0,436.17917
480.0,351.56256
150.0,149.12164
35.0,75.20787
260.0,372.38895
271.0,399.1569
240.0,413.08273
204.0,267.5066
138.0,154.84497
328.0,383.19595
49.0,97.14766
48.0,91.45766
65.0,180.10081
60.0,154.49626
250.0,230.66425
105.0,106.25276
180.0,240.44154
71.0,130.15234
165.0,256.55814
88.0,127.51905
190.0,148.28423
550.0,346.1597
290.0,336.8058
105.0,148.16403
235.0,171.41666
300.0,160.56187
434.0,342.34464
80.0,172.78993
95.0,168.27142
128.0,178.47638
290.0,514.6398
400.0,259.0019
98.0,379.55304
65.0,183.03743
250.0,350.72513
980.0,662.0128
400.0,228.1898
450.0,697.77985
468.0,284.03073
860.0,460.66785
469.0,345.0128
58.0,84.345924
98.0,92.119255
120.0,308.63654
75.0,124.318054
65.0,103.127266
227.0,288.78458
93.0,118.7966
387.0,371.7919
348.0,366.7936
850.0,142.75336
180.0,319.977
175.0,114.887375
110.0,184.44946
400.0,268.23636
300.0,347.80145
125.0,204.9365
290.0,397.62814
88.0,207.85443
344.0,360.31738
364.0,528.2733
286.0,161.91214
900.0,649.9326
125.0,216.41609
943.0,474.97064
99.0,87.92904
84.0,95.020805
193.0,347.63828
49.0,307.5905
155.0,176.15437
98.0,189.87679
126.0,122.41094
48.0,326.6003
100.0,158.041
250.0,252.43677
208.0,141.66084
120.0,184.44946
176.0,220.08672
60.0,125.068344
80.0,198.91974
128.0,132.63239
251.0,152.15506
150.0,172.91418
45.0,119.8613
152.0,199.9887
115.0,142.07878
156.0,141.89566
87.0,91.40566
180.0,124.61672
149.0,176.19371
189.0,129.3685
214.0,159.26912
999.0,895.0135
200.0,164.85468
200.0,503.15472
426.0,274.45377
390.0,235.52477
439.0,408.23947
203.0,219.30981
395.0,719.01086
50.0,100.54762
135.0,184.52396
261.0,212.41676
800.0,674.79156
200.0,162.03404
55.0,201.93124
175.0,139.13445
135.0,265.794
999.0,830.0639
150.0,184.5245
264.0,347.2649
999.0,882.13495
100.0,147.95575
999.0,868.4222
450.0,201.27658
950.0,570.13055
183.0,317.4838
788.0,480.96118
150.0,215.22281
137.0,187.28984
557.0,512.70166
336.0,415.68884
105.0,113.39391
300.0,271.98975
90.0,171.34142
219.0,155.09305
457.0,254.6588
313.0,178.85667
185.0,99.39964
300.0,179.94884
999.0,822.7473
250.0,200.55255
173.0,159.98247
114.0,124.394485
157.0,172.51904
95.0,138.50218
229.0,144.9333
240.0,275.10513
130.0,136.77596
350.0,304.19052
170.0,192.21808
129.0,163.49638
620.0,684.6473
187.0,223.12756
129.0,70.13634
228.0,197.77322
180.0,107.77212
332.0,197.77322
349.0,303.99146
79.0,162.88565
999.0,448.9569
365.0,180.92883
395.0,245.09923
430.0,344.77136
482.0,606.7225
65.0,137.68701
77.0,121.03565
349.0,322.6583
152.0,312.0267
197.0,282.10065
250.0,164.1958
471.0,555.8835
118.0,107.50829
280.0,365.86636
999.0,686.38477
258.0,290.3191
180.0,126.631065
100.0,164.75095
220.0,119.85209
259.0,268.0605
469.0,422.91888
344.0,170.69032
175.0,218.33574
130.0,141.80486
89.0,197.9193
110.0,249.63014
260.0,384.0366
396.0,170.58292
125.0,281.55127
159.0,122.61255
796.0,364.05182
200.0,100.763245
31.0,146.07843
250.0,186.57147
252.0,394.23126
999.0,885.3314
999.0,839.53357
999.0,491.69843
417.0,187.67017
200.0,183.90672
116.0,161.8276
189.0,162.96762
283.0,191.28282
34.0,83.77448
185.0,171.71796
109.0,291.2025
244.0,260.3904
175.0,235.45023
69.0,211.17361
186.0,148.67404
153.0,119.66595
473.0,423.70206
92.0,119.89702
265.0,201.38727
754.0,264.4165
256.0,196.55598
39.0,88.0198
128.0,249.6682
250.0,178.86713
88.0,117.01353
425.0,417.61734
127.0,178.45686
209.0,188.2142
130.0,123.68465
136.0,123.34605
100.0,264.34512
400.0,306.6225
314.0,191.26656
200.0,217.81552
235.0,187.66745
125.0,154.74203
271.0,514.60364
214.0,341.2714
189.0,291.23843
299.0,206.43729
100.0,199.32231
60.0,150.60571
200.0,205.14241
186.0,262.79694
100.0,159.93759
243.0,203.08875
252.0,198.16736
309.0,178.89577
760.0,170.85532
42.0,149.5615
149.0,211.68845
267.0,362.39966
336.0,401.87115
388.0,198.4694
195.0,201.71146
300.0,167.15048
90.0,208.57207
397.0,323.88455
256.0,193.49698
110.0,473.9757
85.0,126.28272
79.0,172.52303
170.0,209.0684
41.0,113.82013
200.0,249.09767
103.0,103.856125
78.0,154.73624
110.0,145.41182
208.0,116.33406
90.0,171.51785
115.0,277.3745
378.0,270.9086
85.0,151.3485
149.0,121.986
793.0,536.56305
200.0,293.21176
430.0,526.11444
999.0,292.61887
85.0,111.72443
82.0,190.45314
148.0,256.16504
118.0,165.18991
40.0,217.24634
177.0,170.63641
170.0,159.65251
150.0,149.65245
68.0,170.8556
360.0,264.01138
180.0,182.10138
361.0,258.28134
79.0,123.41689
356.0,339.1441
100.0,158.56357
280.0,244.00021
193.0,328.94977
241.0,238.53198
200.0,171.9922
533.0,534.0798
295.0,243.30939
150.0,215.17192
60.0,144.44823
129.0,149.85695
660.0,334.39713
150.0,165.89206
143.0,212.43182
350.0,195.71626
120.0,186.17714
143.0,128.5017
224.0,465.5969
174.0,120.34332
520.0,445.85
130.0,176.82217
917.0,700.4123
78.0,157.76079
44.0,176.66277
69.0,242.70822
300.0,424.85025
115.0,112.63092
220.0,483.4831
440.0,222.65685
295.0,162.03404
109.0,148.23438
336.0,215.29417
180.0,152.72278
140.0,170.91003
189.0,160.57921
120.0,139.5307
130.0,168.04033
80.0,154.01746
150.0,197.63957
185.0,107.17585
381.0,399.1248
72.0,161.16446
330.0,174.6067
84.0,177.2643
120.0,152.63617
150.0,135.80809
201.0,108.556496
175.0,119.76076
114.0,114.40264
293.0,351.47943
233.0,263.4799
68.0,92.01958
194.0,147.34595
400.0,209.98904
161.0,197.71855
240.0,135.11888
163.0,122.18132
550.0,309.08585
250.0,176.75504
110.0,219.25136
366.0,526.2786
89.0,197.10896
150.0,138.53616
420.0,154.98817
158.0,156.66534
360.0,237.53442
180.0,187.48602
350.0,262.82986
41.0,142.73584
99.0,105.647964
95.0,120.34332
809.0,699.1763
200.0,212.58841
493.0,318.86792
110.0,178.45448
391.0,199.90602
354.0,406.63028
310.0,388.43372
69.0,171.67146
105.0,195.59645
666.0,456.1213
292.0,309.5408
130.0,250.75429
150.0,160.27477
150.0,116.651375
157.0,143.4424
175.0,72.56941
500.0,180.93309
450.0,169.36128
154.0,92.24317
60.0,104.887695
89.0,97.55494
241.0,216.1992
186.0,318.4154
169.0,148.72015
225.0,168.03986
404.0,193.18521
728.0,178.1623
131.0,417.7352
241.0,258.01544
639.0,641.82306
140.0,171.9922
280.0,255.85149
103.0,209.10013
130.0,215.33023
307.0,300.4115
408.0,144.59377
300.0,430.8908
307.0,340.32614
354.0,236.65263
50.0,178.40547
190.0,166.1183
280.0,261.06863
986.0,257.13116
866.0,134.53229
818.0,657.1894
480.0,587.3305
200.0,124.318054
241.0,219.30595
241.0,249.6893
325.0,201.88513
334.0,201.88513
450.0,329.3643
350.0,320.2786
198.0,200.00018
217.0,289.5968
185.0,306.8137
38.0,81.389015
69.0,120.11541
120.0,117.38259
67.0,381.37915
70.0,117.45953
225.0,214.05037
93.0,240.4312
80.0,142.57812
91.0,199.78024
399.0,219.2762
280.0,271.57367
210.0,169.7075
200.0,305.5804
400.0,214.05037
150.0,375.22516
138.0,220.43056
239.0,191.80559
236.0,185.18445
280.0,272.01718
294.0,228.32333
154.0,151.35292
165.0,233.1183
276.0,205.85092
80.0,181.74657
71.0,132.60194
220.0,476.74756
608.0,312.0397
75.0,242.66852
50.0,125.47305
241.0,233.32155
254.0,171.51163
104.0,162.70425
123.0,245.33769
600.0,346.59012
306.0,514.89703
120.0,157.85245
600.0,250.85316
161.0,256.32797
146.0,124.39828
82.0,120.99106
73.0,93.506874
85.0,162.64767
500.0,167.09738
116.0,241.2554
300.0,99.73747
45.0,106.58046
171.0,185.53229
345.0,309.8497
110.0,162.35886
169.0,263.07993
193.0,164.86913
57.0,192.28282
310.0,239.62721
56.0,101.418945
250.0,190.45277
300.0,213.73909
250.0,495.1436
148.0,326.3043
310.0,213.13264
211.0,145.5791
79.0,264.90308
399.0,279.06613
207.0,315.53116
500.0,386.88678
80.0,124.44516
65.0,121.99067
743.0,620.73944
92.0,191.64998
174.0,174.13383
750.0,485.29297
300.0,330.57022
486.0,243.52763
241.0,252.08176
90.0,240.07497
80.0,115.624565
144.0,152.99734
289.0,182.57834
311.0,269.70413
99.0,174.00392
274.0,276.0253
151.0,194.99438
160.0,213.2131
109.0,141.83388
600.0,332.23303
519.0,391.56
250.0,216.66393
178.0,217.5045
40.0,125.36756
190.0,165.73125
255.0,244.76302
135.0,198.77727
510.0,214.05037
371.0,412.67664
229.0,204.36269
586.0,482.6265
150.0,313.57635
515.0,519.6586
349.0,282.86646
190.0,192.20276
330.0,536.64453
150.0,182.0925
178.0,105.504776
179.0,252.12997
290.0,169.48047
400.0,477.1109
148.0,146.68387
198.0,195.99867
250.0,255.26437
250.0,304.3377
111.0,171.04086
147.0,188.82872
75.0,152.4074
150.0,119.81302
150.0,147.43929
100.0,118.171326
150.0,168.90419
156.0,376.90958
220.0,167.6641
479.0,392.00964
90.0,194.8838
150.0,262.68558
133.0,159.62677
136.0,257.8552
221.0,181.07558
400.0,282.50827
220.0,332.3278
316.0,332.07187
295.0,185.40367
180.0,269.5181
120.0,187.43689
489.0,206.08604
148.0,121.26753
299.0,184.64455
75.0,156.54025
65.0,190.40714
115.0,102.03893
683.0,638.78357
107.0,188.76343
120.0,133.97809
160.0,97.02319
125.0,185.07497
159.0,177.86426
676.0,331.56964
148.0,169.7211
283.0,445.92545
200.0,170.24445
89.0,83.684715
173.0,320.40372
174.0,186.79015
133.0,122.742355
90.0,130.1316
99.0,220.83424
143.0,104.57577
113.0,154.16016
103.0,142.95216
175.0,174.32089
175.0,156.75441
130.0,135.41525
250.0,168.41629
154.0,229.64159
191.0,371.88632
47.0,498.231
150.0,99.5753
306.0,206.02028
670.0,379.8426
444.0,367.83768
266.0,194.59666
80.0,216.34613
999.0,879.3153
117.0,180.3612
286.0,244.77611
100.0,170.90254
150.0,128.22064
709.0,277.41248
311.0,803.56836
41.0,253.12128
120.0,276.81323
402.0,364.05246
48.0,116.865746
102.0,125.144424
271.0,323.193
125.0,199.77821
354.0,231.18776
82.0,155.43109
191.0,188.04109
248.0,364.62204
232.0,159.35051
183.0,289.1874
70.0,202.14473
199.0,292.9104
160.0,147.76758
180.0,349.75842
694.0,662.65533
91.0,103.10168
90.0,87.520996
247.0,201.08308
75.0,144.75647
85.0,378.53607
89.0,180.97603
90.0,113.09035
165.0,201.92836
109.0,139.66553
79.0,114.39224
128.0,155.49063
92.0,213.76392
45.0,207.81561
141.0,206.84613
140.0,158.3208
140.0,201.12157
278.0,144.55843
203.0,127.64038
118.0,152.11272
311.0,113.438934
124.0,239.10683
207.0,484.4385
70.0,92.76722
161.0,184.44946
136.0,151.80414
179.0,208.65865
224.0,372.3118
45.0,94.83867
159.0,128.25186
350.0,340.9504
200.0,299.10168
110.0,127.04885
330.0,498.67776
169.0,88.16754
69.0,92.76722
166.0,226.40659
287.0,174.37416
507.0,663.10034
700.0,380.27585
150.0,93.31609
48.0,66.539734
261.0,160.69829
300.0,378.8343
120.0,260.16922
160.0,226.36168
500.0,241.178
149.0,167.18695
282.0,197.77322
233.0,197.77322
144.0,119.46704
131.0,228.92212
79.0,129.82788
104.0,223.66861
113.0,88.90441
189.0,219.73721
509.0,373.59024
86.0,176.30388
160.0,137.47853
104.0,217.00194
240.0,350.48953
386.0,313.05118
491.0,477.51013
35.0,114.912224
527.0,303.65582
46.0,153.33424
509.0,517.253
320.0,352.89047
369.0,259.289
143.0,112.457115
338.0,152.30862
178.0,219.81024
54.0,122.11076
307.0,174.83733
171.0,161.16394
105.0,146.23334
160.0,262.82986
332.0,217.73448
184.0,190.3323
200.0,133.36667
750.0,190.68237
500.0,353.9519
270.0,233.6179
300.0,258.9581
220.0,209.26964
98.0,208.88707
525.0,407.05835
333.0,264.23685
185.0,184.92686
274.0,290.4864
100.0,113.60801
116.0,171.57713
554.0,438.80774
47.0,90.169464
150.0,112.80298
760.0,353.37616
250.0,221.06071
120.0,160.58134
95.0,265.09213
120.0,176.75504
204.0,225.50723
60.0,124.394485
150.0,153.78496
346.0,236.00507
271.0,174.00392
360.0,743.82025
250.0,179.66637
313.0,193.88675
218.0,161.81761
89.0,126.06596
217.0,166.17337
231.0,479.14148
500.0,266.83667
150.0,516.9266
120.0,204.41064
310.0,377.77658
79.0,174.85072
526.0,324.27908
159.0,170.63676
181.0,119.338135
200.0,132.27061
85.0,432.57526
297.0,300.87103
96.0,117.48994
144.0,265.09213
111.0,114.26974
234.0,200.12035
48.0,430.63684
271.0,289.31436
174.0,153.86102
257.0,276.39633
180.0,132.78456
800.0,299.61325
50.0,103.79005
793.0,326.20792
722.0,647.1295
250.0,195.72397
294.0,297.07013
350.0,421.89877
250.0,268.02487
296.0,409.44046
300.0,242.42694
120.0,208.91917
231.0,161.44102
70.0,109.7699
164.0,208.75745
80.0,75.0139
275.0,496.48734
114.0,164.41768
180.0,103.18032
304.0,583.4497
80.0,194.8838
49.0,92.716576
197.0,152.57974
95.0,119.46704
97.0,136.92824
120.0,170.97711
189.0,214.47134
130.0,107.38508
95.0,131.98044
180.0,242.67012
128.0,264.3914
169.0,175.7679
55.0,208.90674
88.0,93.48077
178.0,157.25401
108.0,144.98074
260.0,286.15686
74.0,144.58656
350.0,162.02377
160.0,409.6955
49.0,92.76722
59.0,151.1729
250.0,160.80084
350.0,105.69138
257.0,193.59387
138.0,204.44083
356.0,446.67908
210.0,151.00056
78.0,145.08533
148.0,335.03723
153.0,179.35551
165.0,278.78796
565.0,392.81454
200.0,416.7012
75.0,132.80585
571.0,664.9289
164.0,284.4322
109.0,117.74302
84.0,128.39735
350.0,374.8362
214.0,182.04625
95.0,186.6202
240.0,151.84119
195.0,133.4183
186.0,203.88403
180.0,266.51752
158.0,139.62483
80.0,126.102264
709.0,633.7075
163.0,150.29482
69.0,132.49982
45.0,138.47205
300.0,256.8199
165.0,258.17673
369.0,240.89215
457.0,294.3269
129.0,149.34044
73.0,155.331
383.0,166.18942
108.0,152.91013
144.0,243.92142
487.0,274.0889
832.0,351.65833
120.0,165.83524
450.0,283.732
136.0,174.00392
210.0,120.45455
375.0,282.30118
135.0,365.68863
200.0,348.2602
55.0,119.636604
96.0,127.094925
150.0,195.38683
110.0,163.77634
88.0,170.92462
521.0,371.08496
300.0,198.77727
80.0,127.64038
59.0,182.05801
125.0,165.44557
820.0,384.60086
320.0,376.9942
150.0,302.70648
343.0,285.29352
243.0,185.99419
313.0,323.2252
200.0,158.47931
154.0,202.20366
308.0,243.9931
95.0,136.70168
170.0,199.77821
107.0,162.09335
250.0,175.7679
261.0,174.94246
180.0,318.20938
177.0,242.64226
300.0,603.6887
128.0,201.92836
105.0,140.5793
94.0,120.22668
600.0,475.81747
148.0,198.77727
200.0,163.17459
210.0,292.7658
159.0,210.54604
143.0,182.66531
163.0,146.19994
124.0,126.95801
260.0,175.27995
173.0,154.20575
170.0,159.43993
108.0,110.42296
146.0,224.63875
166.0,228.20424
198.0,251.07605
100.0,182.0925
800.0,592.56573
114.0,210.99088
250.0,197.73293
438.0,415.21365
852.0,740.60895
413.0,264.97372
150.0,336.99133
640.0,120.45455
59.0,143.76201
354.0,720.26245
383.0,366.27573
88.0,282.14362
390.0,313.57635
150.0,161.21861
250.0,228.1898
183.0,163.21344
172.0,167.44293
250.0,216.1297
104.0,176.75504
66.0,122.16182
101.0,107.97594
336.0,258.9546
164.0,148.26294
414.0,350.36725
230.0,189.95871
210.0,218.17725
350.0,198.77727
180.0,135.15117
307.0,435.88068
260.0,175.7679
107.0,169.7211
460.0,600.5206
24.0,112.11178
262.0,201.88513
171.0,158.0773
160.0,127.64038
116.0,132.60194
86.0,133.90999
159.0,316.19354
200.0,345.8183
61.0,132.32382
130.0,146.7493
55.0,270.18448
857.0,602.7169
191.0,126.95801
150.0,126.95801
197.0,496.81534
262.0,325.06696
650.0,153.7633
193.0,226.40659
304.0,127.64038
350.0,428.6648
311.0,335.70096
180.0,310.6567
280.0,339.59723
181.0,377.0709
144.0,122.088554
38.0,176.75504
70.0,167.09738
157.0,239.57314
65.0,208.90674
156.0,339.2721
211.0,337.0639
196.0,368.8066
180.0,133.90999
150.0,127.64038
109.0,124.02194
350.0,292.47232
327.0,191.03809
149.0,141.32202
115.0,237.61664
225.0,130.10455
92.0,164.06454
200.0,165.0216
50.0,134.00575
159.0,168.8459
87.0,123.41689
100.0,144.726
68.0,91.257164
195.0,248.70671
159.0,123.41689
249.0,258.0757
70.0,430.63684
583.0,509.92465
500.0,334.56024
89.0,127.64038
83.0,115.447876
200.0,184.31783
251.0,380.81027
350.0,208.55367
693.0,493.1241
97.0,127.64038
171.0,176.75504
85.0,200.82323
180.0,272.2286
80.0,135.11888
120.0,198.77727
200.0,232.73221
170.0,169.7211
230.0,201.88513
443.0,258.3413
233.0,201.92836
173.0,157.49402
272.0,228.1898
228.0,152.68095
65.0,114.08747
120.0,162.33597
440.0,232.73221
400.0,212.7985
87.0,162.61621
160.0,120.67098
176.0,231.80292
220.0,228.76273
187.0,162.03404
300.0,194.8838
140.0,194.8838
83.0,154.37659
84.0,141.12764
371.0,608.11273
102.0,124.318054
100.0,149.23267
100.0,172.52303
150.0,172.03323
190.0,199.77821
189.0,363.2208
188.0,174.94246
250.0,281.21732
130.0,194.8838
420.0,241.178
400.0,292.2924
189.0,189.7695
290.0,281.21732
150.0,169.7211
258.0,169.7211
293.0,284.5996
178.0,157.95406
120.0,162.03404
850.0,404.96774
175.0,268.451
800.0,561.5129
380.0,121.3083
132.0,225.75174
100.0,169.83192
146.0,239.28456
86.0,117.76716
91.0,121.99067
200.0,228.1898
100.0,129.80371
250.0,184.44946
100.0,113.6839
114.0,126.95801
391.0,272.368
266.0,210.9199
71.0,126.95801
126.0,127.64038
119.0,126.95801
100.0,174.00392
125.0,169.7211
250.0,450.1122
162.0,302.9264
87.0,108.289635
346.0,324.59903
50.0,92.82657
421.0,368.8884
148.0,210.0709
231.0,198.19434
39.0,80.00255
175.0,291.3575
250.0,207.59131
380.0,204.01892
120.0,162.03404
120.0,278.31186
129.0,216.97887
50.0,383.69168
65.0,313.7781
120.0,190.98352
120.0,168.18124
125.0,136.62088
159.0,173.1639
56.0,169.95215
58.0,107.00823
224.0,224.99164
85.0,159.64035
45.0,148.87909
160.0,191.44682
148.0,218.69478
249.0,274.91196
448.0,260.80136
252.0,373.3201
104.0,64.6438
125.0,218.19722
89.0,144.87659
194.0,178.75992
79.0,177.2052
176.0,197.13795
250.0,165.67789
206.0,253.74742
45.0,139.29697
850.0,145.46335
179.0,202.09827
60.0,167.1022
79.0,123.64688
234.0,113.34714
153.0,301.4638
47.0,139.27208
85.0,113.06996
151.0,221.42772
166.0,201.40276
145.0,322.2777
41.0,133.04092
30.0,96.15918
160.0,199.67249
185.0,236.1916
199.0,135.21326
255.0,325.06876
194.0,153.91644
94.0,166.52751
550.0,379.30267
124.0,266.6551
260.0,306.27362
155.0,188.83308
131.0,126.97923
844.0,626.7394
242.0,175.01682
120.0,119.33346
88.0,247.72466
160.0,372.94095
464.0,129.95332
85.0,121.59999
89.0,198.67499
400.0,235.61641
416.0,457.29514
105.0,263.3781
99.0,172.4847
236.0,207.80957
143.0,98.49018
51.0,173.36897
106.0,167.41327
350.0,471.67398
157.0,202.11328
41.0,140.80089
160.0,231.41463
86.0,101.85074
60.0,60.95037
120.0,149.72008
56.0,107.31789
487.0,415.79813
186.0,243.33243
98.0,270.19135
180.0,189.49748
464.0,434.58557
80.0,198.28813
104.0,191.18561
400.0,145.06953
120.0,344.2387
116.0,148.51434
90.0,320.4285
145.0,96.11024
139.0,162.79414
166.0,373.28995
200.0,239.7981
29.0,142.58902
464.0,633.583
374.0,327.83627
40.0,125.15246
169.0,191.91862
48.0,159.62312
300.0,729.6698
120.0,122.198
90.0,176.45486
100.0,65.26856
154.0,137.61882
195.0,168.99239
970.0,581.6474
220.0,219.32253
250.0,300.91702
65.0,225.90959
90.0,204.5239
689.0,579.0212
120.0,352.84808
407.0,237.6369
61.0,134.6785
84.0,150.56839
150.0,170.69626
292.0,297.65695
286.0,445.39352
64.0,316.6581
142.0,187.29027
220.0,129.82712
164.0,153.13933
230.0,184.75528
58.0,337.39236
200.0,151.87878
96.0,250.3791
129.0,132.96552
116.0,102.88171
196.0,263.01987
100.0,210.41109
56.0,206.30121
150.0,340.62415
420.0,517.0977
54.0,98.480576
171.0,150.87146
55.0,120.280174
190.0,257.97717
750.0,618.56256
284.0,130.37782
156.0,128.46973
93.0,109.016624
121.0,154.57082
100.0,119.31615
120.0,153.47005
388.0,311.9051
320.0,236.6599
387.0,382.65683
288.0,167.54832
499.0,258.6955
150.0,181.15161
157.0,162.85709
150.0,304.6345
280.0,309.83658
120.0,215.45107
109.0,90.27878
999.0,265.93976
186.0,222.59483
307.0,422.1091
600.0,539.2903
250.0,353.67926
95.0,98.87376
89.0,111.40525
309.0,300.363
150.0,195.84244
180.0,124.494934
554.0,343.71008
231.0,206.14949
180.0,111.076416
100.0,88.29716
290.0,574.6722
220.0,324.24197
399.0,131.11217
311.0,200.82475
171.0,148.94562
98.0,75.95149
99.0,177.80894
200.0,122.91573
107.0,135.14467
114.0,192.86496
90.0,105.38617
271.0,229.94756
55.0,166.8683
259.0,279.9028
999.0,683.1679
117.0,126.380936
251.0,136.29338
137.0,181.88565
65.0,121.55531
77.0,103.58313
999.0,825.60864
999.0,405.6835
210.0,199.78171
40.0,111.455864
191.0,154.207
169.0,157.74458
294.0,549.041
130.0,290.3812
999.0,871.89703
100.0,197.9752
65.0,156.71901
79.0,87.08907
70.0,180.57072
85.0,149.02333
178.0,200.3336
999.0,950.30194
110.0,156.50461
999.0,665.4897
999.0,893.3719
100.0,236.13472
100.0,375.88223
549.0,758.9813
97.0,282.9106
40.0,74.39723
220.0,195.09152
999.0,703.1807
999.0,514.6068
90.0,100.971886
48.0,211.67331
113.0,185.90218
975.0,766.17035
180.0,366.48856
999.0,366.09683
196.0,128.23901
80.0,178.86206
143.0,171.7637
80.0,173.5589
499.0,483.7911
383.0,374.93698
82.0,143.36592
123.0,173.91904
373.0,192.16331
373.0,440.98212
95.0,157.80786
325.0,264.63403
160.0,157.879
166.0,132.15219
418.0,284.9533
128.0,117.69978
140.0,161.51683
200.0,150.60574
116.0,153.84782
258.0,206.15164
70.0,101.31692
270.0,206.15164
364.0,206.15164
190.0,220.95079
50.0,118.4069
471.0,187.2104
999.0,484.75742
96.0,134.69357
100.0,144.58916
214.0,175.5234
106.0,215.87083
250.0,298.68903
99.0,134.51855
999.0,466.22076
150.0,188.21507
159.0,196.10019
159.0,84.82013
550.0,288.18927
778.0,498.7974
86.0,96.36679
424.0,264.38083
323.0,298.26456
912.0,597.80347
729.0,442.52872
350.0,189.45918
120.0,98.29707
244.0,165.62767
150.0,353.40634
199.0,89.20212
236.0,224.48198
479.0,410.73068
479.0,365.1872
479.0,312.2551
999.0,794.1201
170.0,126.41794
290.0,187.43997
416.0,206.74416
921.0,426.88327
548.0,427.421
800.0,380.6886
147.0,211.90419
184.0,163.68901
127.0,120.87187
189.0,196.48221
110.0,171.37138
362.0,321.89972
200.0,271.8799
446.0,450.9669
916.0,323.3616
199.0,240.18854
389.0,362.49042
320.0,225.94875
306.0,169.31958
264.0,258.8129
80.0,109.644165
144.0,125.24891
106.0,250.77092
222.0,98.19385
130.0,164.94368
912.0,543.98615
65.0,195.63382
64.0,118.6152
44.0,76.76908
329.0,259.3277
250.0,194.79434
285.0,207.67818
385.0,622.3436
220.0,182.54097
75.0,117.40715
60.0,117.27319
410.0,297.19922
381.0,343.37814
200.0,106.498726
163.0,161.61855
70.0,119.83413
100.0,154.75742
400.0,342.7389
271.0,191.09535
303.0,161.08328
321.0,151.63763
221.0,165.66505
88.0,168.28752
159.0,188.98952
85.0,339.57306
524.0,203.21927
263.0,200.11734
139.0,213.05269
829.0,645.069
86.0,165.6395
406.0,251.38034
900.0,607.25684
329.0,347.97003
150.0,166.40205
105.0,200.3503
313.0,142.74052
157.0,152.10368
650.0,585.68866
886.0,554.26117
56.0,223.92842
240.0,361.9992
72.0,193.72873
80.0,222.9988
241.0,261.0656
206.0,147.13966
321.0,172.62126
80.0,89.26718
235.0,575.4285
360.0,268.86014
123.0,171.35487
65.0,141.44676
31.0,90.634964
45.0,208.34145
421.0,113.13516
98.0,155.87277
165.0,124.16972
207.0,140.95584
50.0,97.51803
571.0,381.11298
597.0,423.9597
129.0,100.560455
144.0,323.33038
226.0,78.08096
61.0,135.16203
250.0,204.41405
185.0,595.72845
128.0,361.05255
98.0,224.50214
220.0,285.42548
70.0,257.27246
175.0,277.70224
150.0,216.51851
145.0,130.61044
68.0,111.187614
185.0,138.97925
633.0,677.6618
349.0,146.77869
799.0,364.29855
165.0,124.72119
175.0,122.89448
148.0,246.27528
150.0,163.5384
604.0,364.3193
367.0,306.22308
161.0,185.08568
518.0,324.96228
96.0,164.89429
100.0,156.7345
447.0,341.5627
305.0,416.78348
420.0,391.29684
245.0,124.705
181.0,339.04834
92.0,115.462364
380.0,211.22664
350.0,237.6173
190.0,189.26363
83.0,131.98492
280.0,250.64589
590.0,317.76285
220.0,381.32037
150.0,313.64804
405.0,379.57608
317.0,266.3327
310.0,170.86078
150.0,153.55931
450.0,328.50443
249.0,151.82329
150.0,224.74785
180.0,183.82935
265.0,205.81938
119.0,212.36497
679.0,600.0069
130.0,149.01665
413.0,410.44147
100.0,213.05133
350.0,162.45457
329.0,223.74232
68.0,120.96162
229.0,368.6479
175.0,130.71107
64.0,307.22464
163.0,126.64945
237.0,187.61617
527.0,555.6849
309.0,198.79066
90.0,170.38602
362.0,305.5059
165.0,216.38683
166.0,137.59967
286.0,372.215
200.0,225.43921
220.0,346.69263
160.0,576.941
126.0,170.40495
606.0,525.5339
270.0,193.88814
120.0,114.44215
307.0,202.46259
96.0,156.03845
70.0,167.37027
321.0,351.17462
116.0,127.710075
200.0,220.95079
280.0,107.584114
150.0,125.487366
185.0,176.44576
220.0,177.44664
190.0,131.57216
125.0,428.71127
79.0,125.00981
95.0,148.42474
135.0,125.98327
150.0,146.97641
88.0,119.39789
188.0,357.68967
80.0,180.97261
280.0,272.09537
280.0,136.31195
247.0,332.55533
190.0,197.84416
99.0,147.79823
134.0,156.65222
132.0,160.50684
241.0,246.21341
163.0,207.33807
213.0,563.71716
57.0,159.92694
241.0,230.74516
241.0,244.912
224.0,375.68658
126.0,168.69388
250.0,214.64914
100.0,216.9397
244.0,174.378
259.0,194.78215
116.0,524.5326
200.0,166.93155
260.0,193.88814
215.0,193.88814
255.0,193.88814
385.0,193.88814
184.0,209.1392
176.0,201.9989
600.0,570.5204
141.0,314.60916
164.0,177.97403
173.0,175.25343
178.0,282.6275
957.0,305.9039
160.0,215.87083
60.0,87.62107
61.0,145.18604
60.0,118.53836
241.0,230.88405
241.0,234.74991
280.0,257.87927
200.0,170.86595
251.0,186.40573
241.0,229.62488
120.0,242.55293
127.0,116.04706
83.0,114.34438
139.0,76.25183
87.0,127.82256
350.0,107.045845
222.0,212.9979
76.0,124.76594
312.0,216.85728
91.0,134.76234
480.0,262.7556
234.0,161.21379
189.0,169.28227
280.0,278.36926
164.0,106.49323
550.0,299.06287
280.0,237.66684
280.0,260.91028
241.0,238.05173
135.0,395.2193
241.0,233.50397
280.0,278.36926
275.0,290.64774
154.0,269.895
179.0,167.50903
235.0,160.98195
50.0,140.07152
320.0,156.56262
140.0,239.14725
218.0,144.09827
250.0,168.76122
434.0,335.32904
105.0,165.74449
349.0,396.0226
36.0,114.55958
174.0,359.36978
80.0,168.28752
150.0,210.5863
300.0,356.39407
264.0,307.57156
300.0,216.27876
350.0,130.35321
99.0,159.34964
71.0,122.803314
307.0,349.16833
167.0,227.08658
183.0,264.15237
80.0,115.46377
350.0,352.87244
220.0,351.07755
425.0,275.89587
506.0,392.49506
185.0,165.12622
109.0,137.74274
94.0,127.133095
432.0,319.59265
472.0,416.76572
529.0,506.89896
149.0,239.05136
440.0,226.15346
140.0,179.40793
214.0,243.66675
511.0,585.0299
70.0,220.06395
143.0,206.42932
69.0,128.65173
189.0,183.48514
450.0,396.02475
150.0,100.84781
289.0,456.42468
349.0,342.6818
60.0,111.48974
144.0,210.91087
59.0,59.16368
65.0,191.01936
112.0,137.70277
98.0,104.57439
69.0,80.75138
75.0,170.74399
525.0,456.44995
393.0,355.91583
500.0,461.83102
543.0,322.79535
382.0,268.52603
249.0,160.14212
266.0,295.33316
93.0,193.23244
20.0,77.910995
89.0,112.21253
748.0,568.3305
365.0,290.09433
260.0,195.02975
120.0,125.2864
109.0,80.765465
236.0,341.71295
350.0,314.4487
357.0,300.39584
55.0,103.618126
250.0,150.0527
140.0,211.1444
80.0,206.17256
98.0,115.72789
600.0,352.9975
857.0,746.8978
400.0,226.72597
442.0,316.56277
220.0,190.90959
76.0,91.21177
130.0,169.20099
80.0,285.83682
166.0,116.46141
312.0,178.91632
600.0,506.29663
451.0,415.7039
241.0,252.86855
66.0,97.64545
131.0,126.33957
250.0,197.95354
387.0,255.91637
234.0,166.26994
91.0,153.13025
235.0,106.2579
120.0,295.04236
386.0,252.484
301.0,310.38962
190.0,278.4292
156.0,137.14642
799.0,364.53955
98.0,146.61496
90.0,107.61466
164.0,146.93176
228.0,116.21522
321.0,351.10788
140.0,432.77173
220.0,197.84416
200.0,365.2482
85.0,143.26132
120.0,87.33742
160.0,190.9582
150.0,126.82412
319.0,272.96494
250.0,285.07208
650.0,355.85843
263.0,211.75478
129.0,253.69237
150.0,145.68074
500.0,211.1908
350.0,327.9057
129.0,152.58266
198.0,82.45824
141.0,159.30142
50.0,141.56758
150.0,154.6531
250.0,386.3434
95.0,132.93884
150.0,164.11745
90.0,174.92763
150.0,161.74826
450.0,218.41367
125.0,122.68127
209.0,106.40822
250.0,193.88814
243.0,331.175
179.0,225.57486
160.0,341.0132
100.0,168.28752
120.0,87.62107
68.0,169.67186
99.0,310.55594
120.0,84.7571
185.0,164.20874
120.0,166.07777
678.0,212.2555
371.0,318.51752
75.0,119.788536
150.0,222.29877
140.0,122.39732
129.0,201.99423
110.0,112.727974
159.0,216.39189
130.0,158.43344
75.0,269.26147
49.0,108.29091
64.0,318.6287
236.0,147.60968
148.0,197.26
424.0,372.16776
120.0,179.94318
58.0,117.5209
335.0,276.60065
240.0,193.88814
90.0,175.57442
443.0,333.96115
200.0,200.61679
201.0,236.85818
400.0,410.73068
999.0,938.9218
900.0,310.36252
184.0,154.02745
120.0,129.34988
361.0,232.7146
343.0,602.4783
329.0,194.16429
51.0,100.32335
134.0,149.57118
130.0,163.57446
180.0,164.78822
68.0,108.77438
180.0,162.36995
130.0,170.7894
340.0,349.80762
148.0,268.903
70.0,151.20659
405.0,164.76813
596.0,297.79053
596.0,303.98923
596.0,426.77536
596.0,393.63974
307.0,155.99515
78.0,139.05153
60.0,89.266525
191.0,116.68059
103.0,285.5016
48.0,229.9477
184.0,191.6189
54.0,106.45513
942.0,339.26096
321.0,292.52682
140.0,492.9847
137.0,55.894287
243.0,177.44322
250.0,222.88454
173.0,455.402
464.0,199.57799
50.0,120.08413
136.0,276.50073
70.0,170.8944
110.0,169.43124
34.0,116.73217
425.0,254.75731
397.0,184.7789
299.0,152.71584
298.0,166.80833
298.0,148.38736
61.0,178.841
127.0,168.69388
75.0,143.45413
643.0,309.293
190.0,355.83173
180.0,148.23387
128.0,184.26512
471.0,365.13922
329.0,278.3181
90.0,102.63749
116.0,128.06099
161.0,239.98126
130.0,152.45451
28.0,137.96408
109.0,147.39085
55.0,186.65396
56.0,116.70223
683.0,447.27444
150.0,137.61781
50.0,87.62107
280.0,367.9549
193.0,182.73668
203.0,167.60942
209.0,214.07489
119.0,159.78326
74.0,151.37823
429.0,372.30582
92.0,104.11265
193.0,215.0666
123.0,148.0555
226.0,205.30838
139.0,178.45131
140.0,216.35114
104.0,162.9532
122.0,164.88629
300.0,86.59395
141.0,164.8547
73.0,159.22742
135.0,201.99423
296.0,268.0714
329.0,148.12355
310.0,168.69388
364.0,322.4266
454.0,392.88354
132.0,138.79147
200.0,226.60957
500.0,117.5209
432.0,347.26
166.0,372.32178
150.0,171.68556
60.0,114.241585
63.0,159.84084
158.0,167.84369
550.0,377.79895
380.0,219.58067
84.0,110.71507
206.0,361.17056
130.0,158.5166
231.0,491.35095
400.0,159.52174
147.0,243.19246
208.0,244.03902
159.0,273.43253
570.0,528.144
131.0,179.08446
60.0,130.35321
300.0,168.16458
321.0,171.7637
42.0,435.9122
210.0,250.01031
106.0,132.47246
111.0,322.8203
284.0,211.8094
211.0,194.47192
150.0,196.33221
150.0,125.91266
121.0,62.194942
53.0,187.04773
176.0,324.91296
203.0,320.58902
126.0,153.5848
110.0,156.8909
307.0,313.492
187.0,188.58182
183.0,215.2562
389.0,217.00694
155.0,328.91467
250.0,256.01117
140.0,174.17209
267.0,168.10526
174.0,112.54573
170.0,194.89038
380.0,355.1981
893.0,532.3745
350.0,160.14212
126.0,153.70033
298.0,219.11246
244.0,210.99622
131.0,199.22522
200.0,128.62311
312.0,326.3041
251.0,241.0578
177.0,196.61108
181.0,220.95079
200.0,245.09744
55.0,171.3034
330.0,266.74457
500.0,354.99023
450.0,383.74585
131.0,309.33154
375.0,349.53506
35.0,115.8749
174.0,175.00725
61.0,94.87086
103.0,212.17155
203.0,188.81079
94.0,147.25043
193.0,275.99173
110.0,216.89615
250.0,382.45526
714.0,528.5017
140.0,130.35321
135.0,137.3229
130.0,168.69388
193.0,240.85507
145.0,294.4607
112.0,131.61516
289.0,220.95079
120.0,170.25552
450.0,524.1146
220.0,228.39368
185.0,223.2361
420.0,226.41675
365.0,245.91031
53.0,143.26132
90.0,99.74369
243.0,462.16556
350.0,186.16434
693.0,412.77313
386.0,274.6961
889.0,350.10904
120.0,252.11858
206.0,163.61174
150.0,158.69336
356.0,200.93736
381.0,343.72504
50.0,128.65173
347.0,318.10794
339.0,220.33434
238.0,228.67357
82.0,123.313126
178.0,124.304115
42.0,100.156784
110.0,116.79787
136.0,187.24806
145.0,168.69388
100.0,195.57788
250.0,131.05402
100.0,197.03975
88.0,120.42696
134.0,169.43124
75.0,197.30582
211.0,216.27876
234.0,191.01936
124.0,256.94797
113.0,179.56808
438.0,315.00116
218.0,275.49484
125.0,192.6838
379.0,168.22862
147.0,135.46555
515.0,275.8847
210.0,206.36282
400.0,210.55647
120.0,243.36162
217.0,333.53943
210.0,358.51236
80.0,168.16458
276.0,193.21182
175.0,219.47366
170.0,128.0795
400.0,351.03223
213.0,168.16458
70.0,146.16661
120.0,143.81989
53.0,109.55777
151.0,202.05959
129.0,198.55183
75.0,163.5384
221.0,171.7637
136.0,169.43124
577.0,304.0071
91.0,325.4231
58.0,118.885185
320.0,312.61044
217.0,163.19324
201.0,147.60094
150.0,168.16458
207.0,175.42017
118.0,123.313126
176.0,132.15219
180.0,238.06038
350.0,222.89285
59.0,196.93024
158.0,217.35266
100.0,257.6756
55.0,224.33723
90.0,166.80833
121.0,199.66049
120.0,200.6169
186.0,298.45694
543.0,291.7117
275.0,299.5912
392.0,469.14865
245.0,160.14212
180.0,124.304115
183.0,212.13039
900.0,649.3661
325.0,154.68544
200.0,269.79263
106.0,152.47427
243.0,314.842
507.0,464.50842
78.0,130.35321
160.0,160.14212
265.0,263.52148
100.0,159.92372
450.0,428.06183
196.0,170.8944
111.0,125.91266
131.0,342.3177
314.0,556.4378
150.0,120.467995
431.0,283.80942
550.0,721.58014
123.0,117.98163
288.0,176.96631
158.0,168.16458
211.0,205.87962
66.0,180.81857
157.0,231.99763
230.0,264.98782
357.0,577.9148
130.0,184.29907
250.0,234.92247
81.0,187.11432
23.0,143.79483
150.0,159.74791
357.0,275.39044
371.0,486.2061
60.0,173.01758
588.0,447.49982
48.0,245.58862
392.0,307.77402
250.0,161.6304
169.0,169.43124
50.0,197.88582
235.0,178.08284
299.0,446.85593
360.0,209.08672
223.0,353.21228
210.0,197.84416
70.0,160.14212
299.0,255.20886
150.0,158.13428
370.0,310.88324
115.0,124.2557
463.0,206.29268
510.0,607.2342
136.0,144.74715
250.0,242.1631
108.0,142.66869
214.0,192.1924
200.0,175.5234
220.0,171.7637
460.0,307.63126
312.0,339.8463
529.0,355.30475
450.0,293.21167
179.0,160.14212
321.0,382.36096
266.0,285.28983
120.0,168.69388
299.0,199.22522
69.0,155.31613
131.0,168.28752
340.0,352.8218
279.0,238.26825
780.0,959.42883
293.0,344.97354
120.0,119.45727
200.0,245.40097
197.0,347.5823
230.0,222.80403
184.0,407.8273
80.0,127.20729
264.0,552.7276
260.0,214.91492
251.0,193.88814
257.0,356.87238
149.0,315.889
90.0,129.91135
75.0,166.80833
380.0,174.7675
320.0,219.79263
160.0,183.2857
260.0,264.98782
317.0,280.09155
68.0,87.21851
261.0,314.44275
220.0,117.55455
225.0,190.51431
185.0,198.18683
484.0,366.1138
243.0,194.4373
85.0,160.14212
400.0,593.3414
470.0,372.38773
92.0,58.839447
91.0,125.30088
96.0,284.98624
98.0,168.16458
250.0,349.75238
150.0,148.94534
159.0,433.6909
129.0,169.43124
125.0,168.16458
80.0,111.10063
326.0,329.66284
144.0,168.28752
351.0,453.75302
144.0,309.44427
304.0,284.98624
200.0,385.1831
207.0,216.27876
100.0,130.35321
200.0,171.7637
78.0,202.71706
550.0,361.67502
111.0,155.9521
410.0,349.80762
354.0,168.28752
166.0,193.88814
170.0,92.98063
241.0,296.3969
320.0,208.77626
379.0,406.318
364.0,356.07474
230.0,340.5028
70.0,197.411
400.0,346.13934
125.0,168.16458
180.0,168.16458
120.0,168.10526
189.0,160.14212
209.0,260.40125
650.0,411.54007
105.0,157.63449
257.0,200.79219
293.0,449.06897
200.0,210.66551
350.0,219.77802
160.0,130.35321
99.0,159.74791
80.0,108.47806
150.0,200.88907
63.0,129.91135
145.0,123.313126
150.0,314.74887
150.0,175.61795
375.0,168.16458
86.0,149.21071
400.0,341.56885
99.0,153.09583
56.0,66.138374
330.0,159.14622
85.0,97.26454
140.0,161.6304
350.0,184.04408
300.0,595.8527
123.0,168.28752
621.0,264.2281
200.0,173.079
121.0,239.26205
196.0,226.73567
225.0,336.24722
165.0,317.89297
71.0,89.3429
66.0,159.14622
250.0,239.48149
125.0,103.86281
321.0,418.17416
250.0,160.14212
95.0,214.30171
210.0,199.22522
260.0,501.80966
206.0,160.14212
246.0,170.8944
250.0,336.24722
98.0,99.210686
380.0,129.91135
42.0,85.56954
900.0,206.29268
150.0,109.55777
72.0,168.16458
300.0,211.8154
259.0,193.88814
260.0,240.19011
50.0,206.6464
